soc,object,function,object_size,coreboot_locations,coreboot_hit_count
an7581,ANA_init_config.o,ANA_ARPI_shuffle_config,428,mt8192:ANA_init_config.c:445;mt8195:ANA_init_config.c:580,2
an7581,ANA_init_config.o,ANA_CLK_DIV_config_setting,1952,mt8192:ANA_init_config.c:79;mt8195:ANA_init_config.c:80,2
an7581,ANA_init_config.o,ANA_CLOCK_SWITCH,360,mt8192:ANA_init_config.c:875;mt8195:ANA_init_config.c:1135,2
an7581,ANA_init_config.o,ANA_ClockOff_Sequence,440,mt8192:ANA_init_config.c:1155;mt8195:ANA_init_config.c:1497,2
an7581,ANA_init_config.o,ANA_Config_nonshuffle,70,mt8192:ANA_init_config.c:908;mt8195:ANA_init_config.c:1163,2
an7581,ANA_init_config.o,ANA_Config_shuffle,72,mt8192:ANA_init_config.c:922;mt8195:ANA_init_config.c:1177,2
an7581,ANA_init_config.o,ANA_DLL_WITH_MD32,160,,0
an7581,ANA_init_config.o,ANA_DLL_non_shuffle_config,384,mt8192:ANA_init_config.c:214;mt8195:ANA_init_config.c:227,2
an7581,ANA_init_config.o,ANA_DLL_sequence,552,mt8192:ANA_init_config.c:1060;mt8195:ANA_init_config.c:1362,2
an7581,ANA_init_config.o,ANA_DLL_shuffle_Config,836,mt8192:ANA_init_config.c:316;mt8195:ANA_init_config.c:331,2
an7581,ANA_init_config.o,ANA_IMP_configure,48,mt8192:ANA_init_config.c:863;mt8195:ANA_init_config.c:1123,2
an7581,ANA_init_config.o,ANA_MIDPI_WITH_MD32,184,,0
an7581,ANA_init_config.o,ANA_MIDPI_sequence,1252,mt8192:ANA_init_config.c:954;mt8195:ANA_init_config.c:1204,2
an7581,ANA_init_config.o,ANA_OPEN_LOOP_MODE_config,192,,0
an7581,ANA_init_config.o,ANA_PHY_Config,24,mt8192:ANA_init_config.c:934;mt8195:ANA_init_config.c:1188,2
an7581,ANA_init_config.o,ANA_PLL_sequence,248,mt8192:ANA_init_config.c:945;mt8195:ANA_init_config.c:1195,2
an7581,ANA_init_config.o,ANA_PLL_shuffle_Config,472,mt8192:ANA_init_config.c:8;mt8195:ANA_init_config.c:9,2
an7581,ANA_init_config.o,ANA_RX_nonshuffle_config,492,mt8192:ANA_init_config.c:631;mt8195:ANA_init_config.c:869,2
an7581,ANA_init_config.o,ANA_RX_shuffle_config,596,mt8192:ANA_init_config.c:582;mt8195:ANA_init_config.c:800,2
an7581,ANA_init_config.o,ANA_TX_nonshuffle_config,2528,mt8192:ANA_init_config.c:493;mt8195:ANA_init_config.c:635,2
an7581,ANA_init_config.o,ANA_TX_shuffle_config,424,mt8192:ANA_init_config.c:535;mt8195:ANA_init_config.c:717,2
an7581,ANA_init_config.o,ANA_init,52,mt8192:ANA_init_config.c:1220;mt8195:ANA_init_config.c:1615,2
an7581,ANA_init_config.o,ANA_init_sequence,42,mt8192:ANA_init_config.c:1210;mt8195:ANA_init_config.c:1605,2
an7581,ANA_init_config.o,ANA_sequence_shuffle_colletion,608,mt8192:ANA_init_config.c:1123;mt8195:ANA_init_config.c:1451,2
an7581,ANA_init_config.o,DIG_DCM_nonshuffle_config,44,mt8192:ANA_init_config.c:834;mt8195:ANA_init_config.c:1112,2
an7581,ANA_init_config.o,DIG_PHY_SHU_MISC_CG_CTRL,28,mt8192:ANA_init_config.c:840;mt8195:ANA_init_config.c:1118,2
an7581,ANA_init_config.o,RESETB_PULL_DN,180,mt8192:ANA_init_config.c:684;mt8195:ANA_init_config.c:930,2
an7581,ANA_init_config.o,SPM_control,304,mt8192:ANA_init_config.c:713;mt8195:ANA_init_config.c:959,2
an7581,ANA_init_config.o,SUSPEND_ON,236,mt8192:ANA_init_config.c:702;mt8195:ANA_init_config.c:948,2
an7581,DDR3_dram_init.o,DDR3_MRS,16,,0
an7581,DDR3_dram_init.o,DDR3_SWZQ,4,,0
an7581,DDR3_dram_init.o,PC3_DRAM_INIT,176,,0
an7581,DDR3_dram_init.o,PC3_dram_init_single_rank,244,,0
an7581,DDR4_dram_init.o,DDR4_MRS,16,,0
an7581,DDR4_dram_init.o,DDR4_SWZQ,4,,0
an7581,DDR4_dram_init.o,PC4_DRAM_INIT,176,,0
an7581,DDR4_dram_init.o,PC4_dram_init_single_rank,440,,0
an7581,DIG_NONSHUF_config.o,DDRPHY_PICG_Config,40,mt8192:DIG_NONSHUF_config.c:434;mt8195:DIG_NONSHUF_config.c:487,2
an7581,DIG_NONSHUF_config.o,DIG_CONFIG_NONSHUF_DCM,1228,,0
an7581,DIG_NONSHUF_config.o,DIG_PHY_config,536,mt8192:DIG_NONSHUF_config.c:10;mt8195:DIG_NONSHUF_config.c:8,2
an7581,DIG_NONSHUF_config.o,DIG_STATIC_SETTING,80,mt8192:DIG_NONSHUF_config.c:963;mt8195:DIG_NONSHUF_config.c:1023,2
an7581,DIG_NONSHUF_config.o,DPHY_GAT_TRACK_Config,1268,mt8192:DIG_NONSHUF_config.c:108;mt8195:DIG_NONSHUF_config.c:135,2
an7581,DIG_NONSHUF_config.o,DRAMC_COMMON_Config,2352,mt8192:DIG_NONSHUF_config.c:536;mt8195:DIG_NONSHUF_config.c:602,2
an7581,DIG_NONSHUF_config.o,DVFS_PRE_config,732,mt8192:DIG_NONSHUF_config.c:830;mt8195:DIG_NONSHUF_config.c:882,2
an7581,DIG_NONSHUF_config.o,GATING_MODE_CFG,72,mt8192:DIG_NONSHUF_config.c:79;mt8195:DIG_NONSHUF_config.c:106,2
an7581,DIG_NONSHUF_config.o,IO_Release,244,mt8192:DIG_NONSHUF_config.c:781;mt8195:DIG_NONSHUF_config.c:833,2
an7581,DIG_NONSHUF_config.o,MP_SETTING_NONSHUF,72,,0
an7581,DIG_SHUF_config.o,DIG_CONFIG_DVFS_DEPENDENCE,128,mt8192:DIG_SHUF_config.c:553;mt8195:DIG_SHUF_config.c:517,2
an7581,DIG_SHUF_config.o,DIG_CONFIG_SHUF,160,mt8192:DIG_SHUF_config.c:570;mt8195:DIG_SHUF_config.c:528,2
an7581,DIG_SHUF_config.o,DIG_CONFIG_SHUF_ALG_TXCA,424,mt8192:DIG_SHUF_config.c:12;mt8195:DIG_SHUF_config.c:6,2
an7581,DIG_SHUF_config.o,DIG_CONFIG_SHUF_DBI,132,mt8192:DIG_SHUF_config.c:425;mt8195:DIG_SHUF_config.c:403,2
an7581,DIG_SHUF_config.o,DIG_CONFIG_SHUF_DCM,592,,0
an7581,DIG_SHUF_config.o,DIG_CONFIG_SHUF_DVFSWLRL,84,mt8192:DIG_SHUF_config.c:466;mt8195:DIG_SHUF_config.c:437,2
an7581,DIG_SHUF_config.o,DIG_CONFIG_SHUF_MD32_FW_DEFINE,2,,0
an7581,DIG_SHUF_config.o,DIG_CONFIG_SHUF_MISC_FIX,1828,mt8192:DIG_SHUF_config.c:214;mt8195:DIG_SHUF_config.c:192,2
an7581,DIG_SHUF_config.o,DIG_CONFIG_SHUF_PRECAL,18,,0
an7581,DIG_SHUF_config.o,TX_RX_jumpratio_calculate,2,mt8192:DIG_SHUF_config.c:509;mt8195:DIG_SHUF_config.c:475,2
an7581,DRAMC_SUBSYS_config.o,ANA_CLK_DIV_config,660,mt8192:DRAMC_SUBSYS_config.c:46;mt8195:DRAMC_SUBSYS_config.c:41,2
an7581,DRAMC_SUBSYS_config.o,ANA_TOP_FUNCTION_CFG,56,mt8192:DRAMC_SUBSYS_config.c:14;mt8195:DRAMC_SUBSYS_config.c:14,2
an7581,DRAMC_SUBSYS_config.o,DRAMC_SUBSYS_PRE_CONFIG,416,mt8192:DRAMC_SUBSYS_config.c:154;mt8195:DRAMC_SUBSYS_config.c:149,2
an7581,DRAMC_SUBSYS_config.o,PC3_DRAM_INIT_CL_MRfield_config,88,,0
an7581,DRAMC_SUBSYS_config.o,PC3_DRAM_INIT_CWL_MRfield_config,120,,0
an7581,DRAMC_SUBSYS_config.o,PC3_DRAM_config,40,,0
an7581,DRAMC_SUBSYS_config.o,PC4_DRAM_INIT_CL_MRfield_config,98,,0
an7581,DRAMC_SUBSYS_config.o,PC4_DRAM_INIT_CWL_MRfield_config,98,,0
an7581,DRAMC_SUBSYS_config.o,PC4_DRAM_config,52,,0
an7581,DRAMC_SUBSYS_config.o,PC4_WR_INIT_MRfiled_config,110,,0
an7581,DRAMC_SUBSYS_config.o,PC4_WR_INIT_TCCDL_config,64,,0
an7581,DRAMC_SUBSYS_config.o,Roundup_Operation,34,,0
an7581,HW_FUNC_MANAGE.o,DIG_HW_ATTRIBUTE_INIT,28,,0
an7581,HW_FUNC_MANAGE.o,DIG_HW_NONSHUF_CFG,42,,0
an7581,HW_FUNC_MANAGE.o,DIG_HW_NONSHUF_DQSG_SWITCH,80,,0
an7581,HW_FUNC_MANAGE.o,DIG_HW_NONSHUF_IMPCAL_SWITCH,40,,0
an7581,HW_FUNC_MANAGE.o,DIG_HW_NONSHUF_SWITCH,44,,0
an7581,HW_FUNC_MANAGE.o,DIG_HW_NONSHUF_ZQCAL_CFG,104,,0
an7581,HW_FUNC_MANAGE.o,DIG_HW_NONSHUF_ZQCAL_SWITCH,38,,0
an7581,HW_FUNC_MANAGE.o,DIG_HW_NONSHU_MISC_FIX,138,,0
an7581,HW_FUNC_MANAGE.o,DIG_HW_SHUF_CFG,40,,0
an7581,HW_FUNC_MANAGE.o,DIG_HW_SHUF_IMPCAL_CFG,864,,0
an7581,HW_FUNC_MANAGE.o,DIG_HW_SHUF_IMPCAL_SWITCH,2,,0
an7581,HW_FUNC_MANAGE.o,DIG_HW_SHUF_SWITCH,2,,0
an7581,HW_FUNC_MANAGE.o,DIG_HW_SHUF_ZQCAL_CFG,68,,0
an7581,HW_FUNC_MANAGE.o,DIG_HW_SHUF_ZQCAL_SWITCH,2,,0
an7581,HW_FUNC_MANAGE.o,DRAMC_HW_FUNC_IMPCAL_config,124,,0
an7581,HW_FUNC_MANAGE.o,DRAMC_HW_FUNC_ZQCAL_config,52,,0
an7581,HW_FUNC_MANAGE.o,print_HW_IMPCAL_config,2,,0
an7581,HW_FUNC_MANAGE.o,print_HW_ZQCAL_config,2,,0
an7581,Hal_io.o,DramcVirt2Phys,26,,0
an7581,Hal_io.o,NeedSwapARToBR,4,,0
an7581,Hal_io.o,__meta_advance,36,,0
an7581,Hal_io.o,__meta_backup,124,,0
an7581,Hal_io.o,__meta_backup_and_set,26,,0
an7581,Hal_io.o,__meta_get,84,,0
an7581,Hal_io.o,__meta_loop_complete_for_next,26,,0
an7581,Hal_io.o,__meta_process_complete,40,,0
an7581,Hal_io.o,__meta_restore,56,,0
an7581,Hal_io.o,__meta_set,56,,0
an7581,Hal_io.o,channel_msk_backup,24,,0
an7581,Hal_io.o,channel_msk_backup_and_set,16,,0
an7581,Hal_io.o,channel_msk_op_disable,16,,0
an7581,Hal_io.o,channel_msk_op_enable,16,,0
an7581,Hal_io.o,channel_msk_restore,24,,0
an7581,Hal_io.o,channel_msk_set,12,,0
an7581,Hal_io.o,u1PhyByteSwapOnOff,16,,0
an7581,Hal_io.o,u4Dram_Register_Read,18,mt8192:Hal_io.c:193;mt8195:Hal_io.c:371,2
an7581,Hal_io.o,u4PhyAoByteSwap,4,,0
an7581,Hal_io.o,u4RegBaseAddrTranslate,192,,0
an7581,Hal_io.o,vDram_Register_Write,20,,0
an7581,Hal_io.o,vIO32WriteMsk,34,,0
an7581,Hal_io.o,vIO32WriteMsk_All,80,,0
an7581,Hal_io.o,vPhyByteIO32WriteMsk,34,,0
an7581,Hal_io.o,vPhyByteIO32WriteMsk_All,4,,0
an7581,Hal_io.o,vPhyByteReadFldAlign,52,,0
an7581,Hal_io.o,vPhyByteWriteFldAlign,132,,0
an7581,Hal_io.o,vPhyByteWriteFldMulti2,6,,0
an7581,MD32_initial.o,MD32_initializaton,38,,0
an7581,MD32_initial.o,MD32_initializaton_ch,508,,0
an7581,RX_path_auto_gen.o,RX_PATH_auto_gen_and_set,1244,,0
an7581,RX_path_auto_gen.o,calculate_RX_path_rg_val,1298,,0
an7581,RX_path_auto_gen.o,get_RX_path_config,672,,0
an7581,RX_path_auto_gen.o,get_max_val,30,,0
an7581,RX_path_auto_gen.o,get_min_val,30,,0
an7581,RX_path_auto_gen.o,print_RX_path_config,2,,0
an7581,RX_path_auto_gen.o,print_RX_path_rg_val,2,,0
an7581,TX_RX_auto_gen_library.o,A_div_B_RU,20,,0
an7581,TX_RX_auto_gen_library.o,Get_RL_by_MR_PC3,24,,0
an7581,TX_RX_auto_gen_library.o,Get_RL_by_MR_PC4,20,,0
an7581,TX_RX_auto_gen_library.o,Get_WL_by_MR_PC3,16,,0
an7581,TX_RX_auto_gen_library.o,Get_WL_by_MR_PC4,20,,0
an7581,TX_RX_auto_gen_library.o,get_dq_ca_p2s_latency,112,,0
an7581,TX_RX_auto_gen_library.o,get_dqsien_p2s_latency,100,,0
an7581,TX_RX_auto_gen_library.o,get_max_val_form_2dim,30,,0
an7581,TX_RX_auto_gen_library.o,get_min_val_form_2dim,30,,0
an7581,TX_RX_auto_gen_library.o,get_oe_p2s_latency,46,,0
an7581,TX_path_auto_gen.o,TX_PATH_auto_gen_and_set,116,,0
an7581,TX_path_auto_gen.o,TX_PATH_config,1972,,0
an7581,TX_path_auto_gen.o,calculate_TX_path_rg_val,1616,,0
an7581,TX_path_auto_gen.o,get_TX_path_config,828,,0
an7581,TX_path_auto_gen.o,print_TX_path_attribution,2,,0
an7581,TX_path_auto_gen.o,print_TX_path_config,2,,0
an7581,dramc.o,DDR4_BG_Num_Check,144,,0
an7581,dramc.o,DRAMC_Param_Init,132,,0
an7581,dramc.o,EMI_CLK_Switch,40,,0
an7581,dramc.o,TRFC_CAL,120,,0
an7581,dramc.o,TRFC_SET,120,,0
an7581,dramc.o,WRITE_RG_FLD,30,,0
an7581,dramc.o,calculate_dram_size,88,,0
an7581,dramc.o,dramc_main,412,,0
an7581,dramc_actiming.o,DdrUpdateACTiming,4148,mt8192:dramc_actiming.c:829;mt8195:dramc_actiming.c:610,2
an7581,dramc_dv_dut.o,DramcDUTShuSet,124,,0
an7581,dramc_dv_dut.o,DramcDUTTopSet,632,,0
an7581,dramc_dv_dut.o,DramcHWFuncSet,24,,0
an7581,dramc_dvfs.o,DVFSSettings,2,mt8192:dramc_dvfs.c:1028;mt8195:dramc_dvfs.c:1067,2
an7581,dramc_dvfs.o,vSetDFSFreqSelByTable,10,mt8192:dramc_dvfs.c:31;mt8195:dramc_dvfs.c:31,2
an7581,dramc_dvfs.o,vSetDFSTable,6,mt8192:dramc_dvfs.c:26;mt8195:dramc_dvfs.c:26,2
an7581,dramc_pi_basic_api.o,APHY_RG_Check,572,,0
an7581,dramc_pi_basic_api.o,APHY_RG_Setting_Before_K,564,,0
an7581,dramc_pi_basic_api.o,DFSInitForCalibration,148,mt8192:dramc_pi_basic_api.c:2777;mt8195:dramc_pi_basic_api.c:8172,2
an7581,dramc_pi_basic_api.o,DQSSTBSettings,108,mt8192:dramc_pi_basic_api.c:3293;mt8195:dramc_pi_basic_api.c:8684,2
an7581,dramc_pi_basic_api.o,DV_InitialSettings,42,,0
an7581,dramc_pi_basic_api.o,DramcCKEDebounce,72,mt8192:dramc_pi_basic_api.c:2331;mt8195:dramc_pi_basic_api.c:7666,2
an7581,dramc_pi_basic_api.o,DramcEnablePerBankRefresh,2,mt8192:dramc_pi_basic_api.c:2179,1
an7581,dramc_pi_basic_api.o,DramcHWGatingDebugOnOff,112,mt8192:dramc_tracking.c:1497;mt8195:dramc_tracking.c:1556,2
an7581,dramc_pi_basic_api.o,DramcHWGatingOnOff,60,mt8192:dramc_tracking.c:1471;mt8195:dramc_tracking.c:1536,2
an7581,dramc_pi_basic_api.o,DramcInit,4,mt8192:dramc_pi_basic_api.c:1811;mt8195:dramc_pi_basic_api.c:7058,2
an7581,dramc_pi_basic_api.o,DramcInit_DutyCalibration,86,mt8192:dramc_pi_basic_api.c:1705;mt8195:dramc_pi_basic_api.c:6981,2
an7581,dramc_pi_basic_api.o,DramcModifiedRefreshMode,36,mt8192:dramc_pi_basic_api.c:2315;mt8195:dramc_pi_basic_api.c:7650,2
an7581,dramc_pi_basic_api.o,DramcRefreshRateDeBounceEnable,20,mt8192:dramc_pi_basic_api.c:2305;mt8195:dramc_pi_basic_api.c:7640,2
an7581,dramc_pi_basic_api.o,DramcRunTimeConfig,84,mt8192:dramc_pi_basic_api.c:2364;mt8195:dramc_pi_basic_api.c:7745,2
an7581,dramc_pi_basic_api.o,DramcShuTrackingDcmEnBySRAM,26,mt8192:dramc_pi_basic_api.c:2060,1
an7581,dramc_pi_basic_api.o,EnableCommonDCMShuffle,148,mt8192:dramc_lowpower.c:370;mt8195:dramc_lowpower.c:355,2
an7581,dramc_pi_basic_api.o,EnableDramcPhyDCM,44,mt8192:dramc_lowpower.c:671;mt8195:dramc_lowpower.c:664,2
an7581,dramc_pi_basic_api.o,EnableDramcPhyDCMNonShuffle,840,mt8192:dramc_lowpower.c:399;mt8195:dramc_lowpower.c:391,2
an7581,dramc_pi_basic_api.o,EnableDramcPhyDCMShuffle,248,mt8192:dramc_lowpower.c:579;mt8195:dramc_lowpower.c:579,2
an7581,dramc_pi_basic_api.o,EnableRxDcmDPhy,24,mt8192:dramc_lowpower.c:971;mt8195:dramc_lowpower.c:971,2
an7581,dramc_pi_basic_api.o,Enable_ClkTxRxLatchEn,212,mt8192:dramc_tracking.c:437;mt8195:dramc_tracking.c:529,2
an7581,dramc_pi_basic_api.o,Global_Option_Init,18,mt8192:dramc_pi_basic_api.c:320;mt8195:dramc_pi_basic_api.c:459,2
an7581,dramc_pi_basic_api.o,MPLLInit,312,mt8192:dramc_pi_basic_api.c:1010;mt8195:dramc_pi_basic_api.c:1987,2
an7581,dramc_pi_basic_api.o,PC3_UpdateInitialSettings,336,,0
an7581,dramc_pi_basic_api.o,PC4_UpdateInitialSettings,304,,0
an7581,dramc_pi_basic_api.o,RODTSettings,436,mt8192:dramc_pi_basic_api.c:3214;mt8195:dramc_pi_basic_api.c:8586,2
an7581,dramc_pi_basic_api.o,S0_DCMOffWA,20,mt8192:dramc_pi_basic_api.c:2350;mt8195:dramc_pi_basic_api.c:7731,2
an7581,dramc_pi_basic_api.o,SA_InitialSettings1,120,,0
an7581,dramc_pi_basic_api.o,SA_InitialSettings2,38,,0
an7581,dramc_pi_basic_api.o,SetCKE2RankIndependent,6,mt8192:dramc_pi_basic_api.c:1945;mt8195:dramc_pi_basic_api.c:7242,2
an7581,dramc_pi_basic_api.o,SetMck8xLowPwrOption,20,mt8192:dramc_pi_basic_api.c:3320;mt8195:dramc_pi_basic_api.c:8701,2
an7581,dramc_pi_basic_api.o,vReplaceDVInit,1884,mt8192:dramc_pi_basic_api.c:1213;mt8195:dramc_pi_basic_api.c:6467,2
an7581,dramc_pi_calibration_api.o,CmdOEOnOff,42,mt8195:dramc_pi_calibration_api.c:1908,1
an7581,dramc_pi_calibration_api.o,DQSDutyScan_SetDqsDelayCell,236,mt8192:dramc_pi_calibration_api.c:10584;mt8195:dramc_pi_calibration_api.c:10625,2
an7581,dramc_pi_calibration_api.o,DramPhyReset,164,mt8192:dramc_pi_calibration_api.c:3872;mt8195:dramc_pi_calibration_api.c:3515,2
an7581,dramc_pi_calibration_api.o,Dramc8PhaseCal,808,mt8192:dramc_pi_calibration_api.c:9677;mt8195:dramc_pi_calibration_api.c:9757,2
an7581,dramc_pi_calibration_api.o,DramcClockDutySetClkDelayCell,124,mt8192:dramc_pi_calibration_api.c:10566;mt8195:dramc_pi_calibration_api.c:10607,2
an7581,dramc_pi_calibration_api.o,DramcDRVinitSetting,1076,,0
an7581,dramc_pi_calibration_api.o,DramcDutyDelayRGSettingConvert.constprop.0.isra.0,54,,0
an7581,dramc_pi_calibration_api.o,DramcImpedanceByEfuse,208,,0
an7581,dramc_pi_calibration_api.o,DramcImpedanceDrvSetRG,348,,0
an7581,dramc_pi_calibration_api.o,DramcImpedanceEfuseValue,72,,0
an7581,dramc_pi_calibration_api.o,DramcImpedanceSetValue,672,,0
an7581,dramc_pi_calibration_api.o,DramcJmeterCalib.constprop.0,332,,0
an7581,dramc_pi_calibration_api.o,DramcJmeterInit,652,mt8195:dramc_pi_calibration_api.c:9533,1
an7581,dramc_pi_calibration_api.o,DramcMiockJmeter,252,mt8192:dramc_pi_calibration_api.c:9189,1
an7581,dramc_pi_calibration_api.o,DramcNewDutyCalibration,992,mt8192:dramc_pi_calibration_api.c:10711;mt8195:dramc_pi_calibration_api.c:10736,2
an7581,dramc_pi_calibration_api.o,DramcRxWinRDDQCEnd,72,mt8192:dramc_pi_calibration_api.c:6339;mt8195:dramc_pi_calibration_api.c:6232,2
an7581,dramc_pi_calibration_api.o,DramcRxWinRDDQCInit,260,mt8192:dramc_pi_calibration_api.c:6250;mt8195:dramc_pi_calibration_api.c:6174,2
an7581,dramc_pi_calibration_api.o,DramcRxWinRDDQCRun,44,mt8192:dramc_pi_calibration_api.c:6362;mt8195:dramc_pi_calibration_api.c:6297,2
an7581,dramc_pi_calibration_api.o,DramcRxWindowPerbitCal,2540,mt8192:dramc_pi_calibration_api.c:6393;mt8195:dramc_pi_calibration_api.c:6327,2
an7581,dramc_pi_calibration_api.o,DramcRxdatlatCal,236,mt8192:dramc_pi_calibration_api.c:7064;mt8195:dramc_pi_calibration_api.c:7051,2
an7581,dramc_pi_calibration_api.o,DramcTXSetVref,128,mt8192:dramc_pi_calibration_api.c:7572;mt8195:dramc_pi_calibration_api.c:7606,2
an7581,dramc_pi_calibration_api.o,DramcTxWindowPerbitCal,2504,mt8192:dramc_pi_calibration_api.c:7948;mt8195:dramc_pi_calibration_api.c:7949,2
an7581,dramc_pi_calibration_api.o,DramcWriteLeveling,1612,mt8192:dramc_pi_calibration_api.c:3529;mt8195:dramc_pi_calibration_api.c:3052,2
an7581,dramc_pi_calibration_api.o,DramcZQCalibration,48,mt8192:dramc_pi_calibration_api.c:4201;mt8195:dramc_pi_calibration_api.c:3831,2
an7581,dramc_pi_calibration_api.o,Dramc_efuse_read_parse,78,,0
an7581,dramc_pi_calibration_api.o,DutyScan_Calibration_Flow,2028,,0
an7581,dramc_pi_calibration_api.o,DutyScan_Offset_Calibration,808,,0
an7581,dramc_pi_calibration_api.o,DutyScan_Offset_Convert,44,,0
an7581,dramc_pi_calibration_api.o,GetVcoreDelayCellTime,40,mt8192:dramc_pi_calibration_api.c:9609;mt8195:dramc_pi_calibration_api.c:9701,2
an7581,dramc_pi_calibration_api.o,Get_RX_DelayCell,2,mt8192:dramc_pi_main.c:460;mt8195:dramc_pi_calibration_api.c:9715,2
an7581,dramc_pi_calibration_api.o,O1PathOnOff,304,mt8192:dramc_pi_calibration_api.c:988;mt8195:dramc_pi_calibration_api.c:1005,2
an7581,dramc_pi_calibration_api.o,PCDDR_ShiftDQSUI,68,,0
an7581,dramc_pi_calibration_api.o,PCDDR_ShiftDQS_OENUI,72,,0
an7581,dramc_pi_calibration_api.o,SetRxDqDelay,84,mt8195:dramc_pi_calibration_api.c:6261,1
an7581,dramc_pi_calibration_api.o,ShiftDQSWCK_UI,26,mt8192:dramc_pi_calibration_api.c:3354;mt8195:dramc_pi_calibration_api.c:2871,2
an7581,dramc_pi_calibration_api.o,ShiftDQUI,88,mt8192:dramc_pi_calibration_api.c:3293;mt8195:dramc_pi_calibration_api.c:2804,2
an7581,dramc_pi_calibration_api.o,ShiftDQUI_AllRK,4,mt8192:dramc_pi_calibration_api.c:3310;mt8195:dramc_pi_calibration_api.c:2821,2
an7581,dramc_pi_calibration_api.o,ShiftDQ_OENUI,92,mt8192:dramc_pi_calibration_api.c:3324;mt8195:dramc_pi_calibration_api.c:2835,2
an7581,dramc_pi_calibration_api.o,ShiftDQ_OENUI_AllRK,4,mt8192:dramc_pi_calibration_api.c:3340;mt8195:dramc_pi_calibration_api.c:2851,2
an7581,dramc_pi_calibration_api.o,TXSetDelayReg_DQ,284,mt8192:dramc_pi_calibration_api.c:7670;mt8195:dramc_pi_calibration_api.c:7694,2
an7581,dramc_pi_calibration_api.o,TXSetDelayReg_DQM,300,mt8192:dramc_pi_calibration_api.c:7704;mt8195:dramc_pi_calibration_api.c:7720,2
an7581,dramc_pi_calibration_api.o,TxWinTransferDelayToUIPI,148,mt8192:dramc_pi_calibration_api.c:7219;mt8195:dramc_pi_calibration_api.c:7245,2
an7581,dramc_pi_calibration_api.o,_LoopAryToDelay,388,mt8192:dramc_pi_calibration_api.c:3242;mt8195:dramc_pi_calibration_api.c:2753,2
an7581,dramc_pi_calibration_api.o,dle_factor_handler,144,mt8192:dramc_pi_calibration_api.c:7015;mt8195:dramc_pi_calibration_api.c:7006,2
an7581,dramc_pi_calibration_api.o,dramc_rx_dqs_gating_cal,1948,mt8192:dramc_pi_calibration_api.c:5733;mt8195:dramc_pi_calibration_api.c:5652,2
an7581,dramc_pi_calibration_api.o,get_gating_start_pos,48,,0
an7581,dramc_pi_calibration_api.o,u1IsPhaseMode,26,mt8192:dramc_pi_calibration_api.c:3387;mt8195:dramc_pi_calibration_api.c:2899,2
an7581,dramc_pi_calibration_api.o,u1MCK2UI_DivShift,18,mt8192:dramc_pi_calibration_api.c:3169;mt8195:dramc_pi_calibration_api.c:2699,2
an7581,dramc_pi_calibration_api.o,vAfterCalibration,50,mt8192:dramc_pi_calibration_api.c:958;mt8195:dramc_pi_calibration_api.c:961,2
an7581,dramc_pi_calibration_api.o,vBeforeCalibration,564,mt8192:dramc_pi_calibration_api.c:805;mt8195:dramc_pi_calibration_api.c:837,2
an7581,dramc_pi_calibration_api.o,vInitGlobalVariablesByCondition,16,mt8192:dramc_pi_calibration_api.c:547;mt8195:dramc_pi_calibration_api.c:485,2
an7581,dramc_pi_calibration_api.o,vPrintCalibrationResult,30,mt8192:dramc_pi_calibration_api.c:279;mt8195:dramc_pi_calibration_api.c:287,2
an7581,dramc_pi_calibration_api.o,vResetDelayChainBeforeCalibration,224,mt8192:dramc_pi_calibration_api.c:3820;mt8195:dramc_pi_calibration_api.c:3464,2
an7581,dramc_pi_calibration_api.o,vSetCalibrationResult,82,mt8192:dramc_pi_calibration_api.c:161;mt8195:dramc_pi_calibration_api.c:168,2
an7581,dramc_pi_calibration_api.o,vSetDramMRWriteLevelingOnOff,264,mt8192:dramc_pi_calibration_api.c:3376;mt8195:dramc_pi_calibration_api.c:2888,2
an7581,dramc_pi_main.o,DramRankNumberDetection,74,mt8192:dramc_pi_main.c:640;mt8195:dramc_pi_main.c:1054,2
an7581,dramc_pi_main.o,Init_DRAM,136,mt8192:dramc_pi_main.c:1294;mt8195:dramc_pi_main.c:1750,2
an7581,dramc_pi_main.o,Init_Dram_Ctx_By_Type,168,,0
an7581,dramc_pi_main.o,Test_Broadcast_Feature,192,mt8192:dramc_pi_main.c:406;mt8195:dramc_pi_main.c:780,2
an7581,dramc_pi_main.o,dump_dramc_ctx,72,mt8192:dramc_pi_main.c:2102;mt8195:dramc_pi_main.c:2578,2
an7581,dramc_pi_main.o,mem_test_address_calculation,8,mt8195:dramc_pi_main.c:841,1
an7581,dramc_pi_main.o,vDramCalibrationAllChannel,172,mt8192:dramc_pi_main.c:1137;mt8195:dramc_pi_main.c:1598,2
an7581,dramc_pi_main.o,vSetVcoreByFreq,2,mt8192:dramc_pi_main.c:146;mt8195:dramc_pi_main.c:144,2
an7581,dramc_utility.o,CKEFixOnOff,84,mt8192:dramc_utility.c:800;mt8195:dramc_utility.c:784,2
an7581,dramc_utility.o,CKE_FIX_OFF,28,,0
an7581,dramc_utility.o,CKE_FIX_ON,28,mt8192:LP4_dram_init.c:5;mt8195:LP4_dram_init.c:5,2
an7581,dramc_utility.o,DDRPhyFMeter,12,mt8192:dramc_utility.c:369,1
an7581,dramc_utility.o,DDRPhyFreqSel,60,mt8192:dramc_utility.c:653;mt8195:dramc_utility.c:621,2
an7581,dramc_utility.o,DDRPhyGetRealFreq,40,mt8195:dramc_utility.c:324;mt8195:dramc_debug.c:666,2
an7581,dramc_utility.o,DramcBackupMixedRG,90,,0
an7581,dramc_utility.o,DramcBackupMixedRG_Single,112,,0
an7581,dramc_utility.o,DramcBackupRegisters,90,mt8192:dramc_utility.c:2296;mt8195:dramc_utility.c:2317,2
an7581,dramc_utility.o,DramcBackupRegisters_Single,72,,0
an7581,dramc_utility.o,DramcBroadcastOnOff,32,mt8192:dramc_utility.c:89;mt8195:dramc_utility.c:66,2
an7581,dramc_utility.o,DramcEngine2CheckComplete,152,mt8192:dramc_utility.c:1105;mt8195:dramc_utility.c:1080,2
an7581,dramc_utility.o,DramcEngine2Compare,144,mt8192:dramc_utility.c:1146;mt8195:dramc_utility.c:1121,2
an7581,dramc_utility.o,DramcEngine2End,52,mt8192:dramc_utility.c:1325;mt8195:dramc_utility.c:1273,2
an7581,dramc_utility.o,DramcEngine2Init,192,mt8192:dramc_utility.c:1198;mt8195:dramc_utility.c:1169,2
an7581,dramc_utility.o,DramcEngine2Run,116,mt8192:dramc_utility.c:1278;mt8195:dramc_utility.c:1229,2
an7581,dramc_utility.o,DramcEngine2SetPat,348,mt8192:dramc_utility.c:991;mt8195:dramc_utility.c:969,2
an7581,dramc_utility.o,DramcModeRegRead,100,mt8192:dramc_utility.c:1994;mt8195:dramc_utility.c:2070,2
an7581,dramc_utility.o,DramcModeRegReadByRank,88,mt8192:dramc_utility.c:2035;mt8195:dramc_utility.c:2110,2
an7581,dramc_utility.o,DramcModeRegWriteByRank,40,mt8192:dramc_utility.c:2182;mt8195:dramc_utility.c:2234,2
an7581,dramc_utility.o,DramcModeRegWriteByRank_RTSWCMD_MRW,50,,0
an7581,dramc_utility.o,DramcRestoreMixedRG,100,,0
an7581,dramc_utility.o,DramcRestoreMixedRG_Single,124,,0
an7581,dramc_utility.o,DramcRestoreRegisters,100,mt8192:dramc_utility.c:2317;mt8195:dramc_utility.c:2338,2
an7581,dramc_utility.o,DramcRestoreRegisters_Single,76,,0
an7581,dramc_utility.o,DramcSetRWOFOEN,56,mt8192:dramc_utility.c:919;mt8195:dramc_utility.c:900,2
an7581,dramc_utility.o,DramcSetRankEngine2,54,mt8192:dramc_utility.c:975;mt8195:dramc_utility.c:956,2
an7581,dramc_utility.o,DramcTriggerRTSWCMD,372,,0
an7581,dramc_utility.o,GetDataRateByFreq,178,,0
an7581,dramc_utility.o,GetDramcBroadcast,16,mt8192:dramc_utility.c:76;mt8195:dramc_utility.c:53,2
an7581,dramc_utility.o,GetEyeScanEnable,4,mt8192:dramc_utility.c:710;mt8195:dramc_utility.c:661,2
an7581,dramc_utility.o,GetFreqBySel,20,mt8192:dramc_utility.c:530;mt8195:dramc_utility.c:498,2
an7581,dramc_utility.o,GetSelByFreq,206,mt8192:dramc_utility.c:609;mt8195:dramc_utility.c:577,2
an7581,dramc_utility.o,Get_Duty_Calibration_Mode,8,mt8192:dramc_utility.c:449;mt8195:dramc_utility.c:411,2
an7581,dramc_utility.o,Get_Vref_Calibration_OnOff,8,mt8192:dramc_utility.c:454;mt8195:dramc_utility.c:416,2
an7581,dramc_utility.o,SetClkFreeRun,90,,0
an7581,dramc_utility.o,TA2_Show_Cnt,80,mt8192:dramc_utility.c:1540;mt8195:dramc_utility.c:1555,2
an7581,dramc_utility.o,TA2_Test_Run_Time_HW,46,mt8192:dramc_utility.c:1637;mt8195:dramc_utility.c:1735,2
an7581,dramc_utility.o,TA2_Test_Run_Time_HW_Presetting,192,mt8192:dramc_utility.c:1383;mt8195:dramc_utility.c:1377,2
an7581,dramc_utility.o,TA2_Test_Run_Time_HW_Read,44,mt8195:dramc_utility.c:1519,1
an7581,dramc_utility.o,TA2_Test_Run_Time_HW_Status,180,mt8192:dramc_utility.c:1586;mt8195:dramc_utility.c:1679,2
an7581,dramc_utility.o,TA2_Test_Run_Time_HW_Write,44,mt8192:dramc_utility.c:1523;mt8195:dramc_utility.c:1534,2
an7581,dramc_utility.o,TA2_Test_Run_Time_Pat_Setting,152,mt8192:dramc_utility.c:1487;mt8195:dramc_utility.c:1486,2
an7581,dramc_utility.o,TA2_Test_Run_Time_SW_Presetting,128,mt8192:dramc_utility.c:2436;mt8195:dramc_utility.c:2869,2
an7581,dramc_utility.o,TestEngineCompare,120,mt8195:dramc_utility.c:1282,1
an7581,dramc_utility.o,is_ddr3_family,10,,0
an7581,dramc_utility.o,is_ddr4_family,10,,0
an7581,dramc_utility.o,setFreqGroup,120,mt8192:dramc_utility.c:259;mt8195:dramc_utility.c:267,2
an7581,dramc_utility.o,u1GetRank,4,mt8192:dramc_utility.c:230;mt8195:dramc_utility.c:243,2
an7581,dramc_utility.o,u1NeedSkipDPMRG,42,,0
an7581,dramc_utility.o,u2DFSGetHighestFreq,80,mt8192:dramc_utility.c:689;mt8195:dramc_utility.c:640,2
an7581,dramc_utility.o,vAutoRefreshSwitch,68,mt8192:dramc_utility.c:845;mt8195:dramc_utility.c:829,2
an7581,dramc_utility.o,vCKERankCtrl,112,mt8192:dramc_utility.c:866;mt8195:dramc_utility.c:847,2
an7581,dramc_utility.o,vGetPHY2ChannelMapping,4,mt8192:dramc_utility.c:211;mt8195:dramc_utility.c:198,2
an7581,dramc_utility.o,vGet_Current_ShuLevel,8,mt8192:dramc_utility.c:436,1
an7581,dramc_utility.o,vGet_DDR_Loop_Mode,8,mt8192:dramc_utility.c:415;mt8195:dramc_utility.c:379,2
an7581,dramc_utility.o,vGet_Div_Mode,8,mt8192:dramc_utility.c:426;mt8195:dramc_utility.c:389,2
an7581,dramc_utility.o,vGet_Dram_CBT_Mode,28,mt8192:dramc_utility.c:460;mt8195:dramc_utility.c:426,2
an7581,dramc_utility.o,vPrintCalibrationBasicInfo,2,mt8192:dramc_utility.c:476;mt8195:dramc_utility.c:443,2
an7581,dramc_utility.o,vSetPHY2ChannelMapping,4,mt8192:dramc_utility.c:206;mt8195:dramc_utility.c:193,2
an7581,dramc_utility.o,vSetRank,4,mt8192:dramc_utility.c:225;mt8195:dramc_utility.c:238,2
an7581,dramc_utility.o,vSetRankNumber,6,mt8192:dramc_utility.c:235;mt8195:dramc_utility.c:248,2
an7583,ANA_init_config.o,ANA_ARPI_shuffle_config,340,mt8192:ANA_init_config.c:445;mt8195:ANA_init_config.c:580,2
an7583,ANA_init_config.o,ANA_CLK_DIV_config_setting,1532,mt8192:ANA_init_config.c:79;mt8195:ANA_init_config.c:80,2
an7583,ANA_init_config.o,ANA_CLOCK_SWITCH,360,mt8192:ANA_init_config.c:875;mt8195:ANA_init_config.c:1135,2
an7583,ANA_init_config.o,ANA_ClockOff_Sequence,440,mt8192:ANA_init_config.c:1155;mt8195:ANA_init_config.c:1497,2
an7583,ANA_init_config.o,ANA_Config_nonshuffle,64,mt8192:ANA_init_config.c:908;mt8195:ANA_init_config.c:1163,2
an7583,ANA_init_config.o,ANA_Config_shuffle,72,mt8192:ANA_init_config.c:922;mt8195:ANA_init_config.c:1177,2
an7583,ANA_init_config.o,ANA_DLL_WITH_MD32,160,,0
an7583,ANA_init_config.o,ANA_DLL_non_shuffle_config,240,mt8192:ANA_init_config.c:214;mt8195:ANA_init_config.c:227,2
an7583,ANA_init_config.o,ANA_DLL_sequence,480,mt8192:ANA_init_config.c:1060;mt8195:ANA_init_config.c:1362,2
an7583,ANA_init_config.o,ANA_DLL_shuffle_Config,760,mt8192:ANA_init_config.c:316;mt8195:ANA_init_config.c:331,2
an7583,ANA_init_config.o,ANA_IMP_configure,2,mt8192:ANA_init_config.c:863;mt8195:ANA_init_config.c:1123,2
an7583,ANA_init_config.o,ANA_MIDPI_WITH_MD32,184,,0
an7583,ANA_init_config.o,ANA_MIDPI_sequence,1236,mt8192:ANA_init_config.c:954;mt8195:ANA_init_config.c:1204,2
an7583,ANA_init_config.o,ANA_OPEN_LOOP_MODE_config,196,,0
an7583,ANA_init_config.o,ANA_PHY_Config,24,mt8192:ANA_init_config.c:934;mt8195:ANA_init_config.c:1188,2
an7583,ANA_init_config.o,ANA_PLL_sequence,248,mt8192:ANA_init_config.c:945;mt8195:ANA_init_config.c:1195,2
an7583,ANA_init_config.o,ANA_PLL_shuffle_Config,436,mt8192:ANA_init_config.c:8;mt8195:ANA_init_config.c:9,2
an7583,ANA_init_config.o,ANA_RX_nonshuffle_config,460,mt8192:ANA_init_config.c:631;mt8195:ANA_init_config.c:869,2
an7583,ANA_init_config.o,ANA_RX_shuffle_config,492,mt8192:ANA_init_config.c:582;mt8195:ANA_init_config.c:800,2
an7583,ANA_init_config.o,ANA_TX_nonshuffle_config,2348,mt8192:ANA_init_config.c:493;mt8195:ANA_init_config.c:635,2
an7583,ANA_init_config.o,ANA_TX_shuffle_config,208,mt8192:ANA_init_config.c:535;mt8195:ANA_init_config.c:717,2
an7583,ANA_init_config.o,ANA_init,80,mt8192:ANA_init_config.c:1220;mt8195:ANA_init_config.c:1615,2
an7583,ANA_init_config.o,ANA_init_sequence,42,mt8192:ANA_init_config.c:1210;mt8195:ANA_init_config.c:1605,2
an7583,ANA_init_config.o,ANA_sequence_shuffle_colletion,592,mt8192:ANA_init_config.c:1123;mt8195:ANA_init_config.c:1451,2
an7583,ANA_init_config.o,DIG_DCM_nonshuffle_config,44,mt8192:ANA_init_config.c:834;mt8195:ANA_init_config.c:1112,2
an7583,ANA_init_config.o,DIG_PHY_SHU_MISC_CG_CTRL,28,mt8192:ANA_init_config.c:840;mt8195:ANA_init_config.c:1118,2
an7583,ANA_init_config.o,RESETB_PULL_DN,180,mt8192:ANA_init_config.c:684;mt8195:ANA_init_config.c:930,2
an7583,ANA_init_config.o,SPM_control,308,mt8192:ANA_init_config.c:713;mt8195:ANA_init_config.c:959,2
an7583,ANA_init_config.o,SUSPEND_ON,236,mt8192:ANA_init_config.c:702;mt8195:ANA_init_config.c:948,2
an7583,DDR3_dram_init.o,DDR3_MRS,16,,0
an7583,DDR3_dram_init.o,DDR3_SWZQ,4,,0
an7583,DDR3_dram_init.o,PC3_DRAM_INIT,200,,0
an7583,DDR3_dram_init.o,PC3_dram_init_single_rank,272,,0
an7583,DDR4_dram_init.o,DDR4_MRS,16,,0
an7583,DDR4_dram_init.o,DDR4_SWZQ,4,,0
an7583,DDR4_dram_init.o,PC4_DRAM_INIT,200,,0
an7583,DDR4_dram_init.o,PC4_dram_init_single_rank,432,,0
an7583,DIG_NONSHUF_config.o,DDRPHY_PICG_Config,16,mt8192:DIG_NONSHUF_config.c:434;mt8195:DIG_NONSHUF_config.c:487,2
an7583,DIG_NONSHUF_config.o,DIG_CONFIG_NONSHUF_DCM,1228,,0
an7583,DIG_NONSHUF_config.o,DIG_PHY_config,536,mt8192:DIG_NONSHUF_config.c:10;mt8195:DIG_NONSHUF_config.c:8,2
an7583,DIG_NONSHUF_config.o,DIG_STATIC_SETTING,80,mt8192:DIG_NONSHUF_config.c:963;mt8195:DIG_NONSHUF_config.c:1023,2
an7583,DIG_NONSHUF_config.o,DPHY_GAT_TRACK_Config,1184,mt8192:DIG_NONSHUF_config.c:108;mt8195:DIG_NONSHUF_config.c:135,2
an7583,DIG_NONSHUF_config.o,DRAMC_COMMON_Config,2040,mt8192:DIG_NONSHUF_config.c:536;mt8195:DIG_NONSHUF_config.c:602,2
an7583,DIG_NONSHUF_config.o,DVFS_PRE_config,732,mt8192:DIG_NONSHUF_config.c:830;mt8195:DIG_NONSHUF_config.c:882,2
an7583,DIG_NONSHUF_config.o,GATING_MODE_CFG,72,mt8192:DIG_NONSHUF_config.c:79;mt8195:DIG_NONSHUF_config.c:106,2
an7583,DIG_NONSHUF_config.o,IO_Release,244,mt8192:DIG_NONSHUF_config.c:781;mt8195:DIG_NONSHUF_config.c:833,2
an7583,DIG_NONSHUF_config.o,MP_SETTING_NONSHUF,40,,0
an7583,DIG_SHUF_config.o,DIG_CONFIG_DVFS_DEPENDENCE,128,mt8192:DIG_SHUF_config.c:553;mt8195:DIG_SHUF_config.c:517,2
an7583,DIG_SHUF_config.o,DIG_CONFIG_SHUF,160,mt8192:DIG_SHUF_config.c:570;mt8195:DIG_SHUF_config.c:528,2
an7583,DIG_SHUF_config.o,DIG_CONFIG_SHUF_ALG_TXCA,424,mt8192:DIG_SHUF_config.c:12;mt8195:DIG_SHUF_config.c:6,2
an7583,DIG_SHUF_config.o,DIG_CONFIG_SHUF_DBI,100,mt8192:DIG_SHUF_config.c:425;mt8195:DIG_SHUF_config.c:403,2
an7583,DIG_SHUF_config.o,DIG_CONFIG_SHUF_DCM,540,,0
an7583,DIG_SHUF_config.o,DIG_CONFIG_SHUF_DVFSWLRL,84,mt8192:DIG_SHUF_config.c:466;mt8195:DIG_SHUF_config.c:437,2
an7583,DIG_SHUF_config.o,DIG_CONFIG_SHUF_MD32_FW_DEFINE,2,,0
an7583,DIG_SHUF_config.o,DIG_CONFIG_SHUF_MISC_FIX,1760,mt8192:DIG_SHUF_config.c:214;mt8195:DIG_SHUF_config.c:192,2
an7583,DIG_SHUF_config.o,DIG_CONFIG_SHUF_PRECAL,18,,0
an7583,DIG_SHUF_config.o,TX_RX_jumpratio_calculate,2,mt8192:DIG_SHUF_config.c:509;mt8195:DIG_SHUF_config.c:475,2
an7583,DRAMC_SUBSYS_config.o,ANA_CLK_DIV_config,660,mt8192:DRAMC_SUBSYS_config.c:46;mt8195:DRAMC_SUBSYS_config.c:41,2
an7583,DRAMC_SUBSYS_config.o,ANA_TOP_FUNCTION_CFG,56,mt8192:DRAMC_SUBSYS_config.c:14;mt8195:DRAMC_SUBSYS_config.c:14,2
an7583,DRAMC_SUBSYS_config.o,DRAMC_SUBSYS_PRE_CONFIG,416,mt8192:DRAMC_SUBSYS_config.c:154;mt8195:DRAMC_SUBSYS_config.c:149,2
an7583,DRAMC_SUBSYS_config.o,PC3_DRAM_INIT_CL_MRfield_config,88,,0
an7583,DRAMC_SUBSYS_config.o,PC3_DRAM_INIT_CWL_MRfield_config,120,,0
an7583,DRAMC_SUBSYS_config.o,PC3_DRAM_config,40,,0
an7583,DRAMC_SUBSYS_config.o,PC4_DRAM_INIT_CL_MRfield_config,98,,0
an7583,DRAMC_SUBSYS_config.o,PC4_DRAM_INIT_CWL_MRfield_config,98,,0
an7583,DRAMC_SUBSYS_config.o,PC4_DRAM_config,52,,0
an7583,DRAMC_SUBSYS_config.o,PC4_WR_INIT_MRfiled_config,110,,0
an7583,DRAMC_SUBSYS_config.o,PC4_WR_INIT_TCCDL_config,62,,0
an7583,DRAMC_SUBSYS_config.o,Roundup_Operation,34,,0
an7583,HW_FUNC_MANAGE.o,DIG_HW_ATTRIBUTE_INIT,28,,0
an7583,HW_FUNC_MANAGE.o,DIG_HW_NONSHUF_CFG,42,,0
an7583,HW_FUNC_MANAGE.o,DIG_HW_NONSHUF_DQSG_SWITCH,80,,0
an7583,HW_FUNC_MANAGE.o,DIG_HW_NONSHUF_IMPCAL_SWITCH,40,,0
an7583,HW_FUNC_MANAGE.o,DIG_HW_NONSHUF_SWITCH,44,,0
an7583,HW_FUNC_MANAGE.o,DIG_HW_NONSHUF_ZQCAL_CFG,104,,0
an7583,HW_FUNC_MANAGE.o,DIG_HW_NONSHUF_ZQCAL_SWITCH,38,,0
an7583,HW_FUNC_MANAGE.o,DIG_HW_NONSHU_MISC_FIX,140,,0
an7583,HW_FUNC_MANAGE.o,DIG_HW_SHUF_CFG,40,,0
an7583,HW_FUNC_MANAGE.o,DIG_HW_SHUF_IMPCAL_CFG,864,,0
an7583,HW_FUNC_MANAGE.o,DIG_HW_SHUF_IMPCAL_SWITCH,2,,0
an7583,HW_FUNC_MANAGE.o,DIG_HW_SHUF_SWITCH,2,,0
an7583,HW_FUNC_MANAGE.o,DIG_HW_SHUF_ZQCAL_CFG,68,,0
an7583,HW_FUNC_MANAGE.o,DIG_HW_SHUF_ZQCAL_SWITCH,2,,0
an7583,HW_FUNC_MANAGE.o,DRAMC_HW_FUNC_IMPCAL_config,124,,0
an7583,HW_FUNC_MANAGE.o,DRAMC_HW_FUNC_ZQCAL_config,52,,0
an7583,HW_FUNC_MANAGE.o,print_HW_IMPCAL_config,2,,0
an7583,HW_FUNC_MANAGE.o,print_HW_ZQCAL_config,2,,0
an7583,Hal_io.o,DramcVirt2Phys,26,,0
an7583,Hal_io.o,NeedSwapARToBR,4,,0
an7583,Hal_io.o,__meta_advance,36,,0
an7583,Hal_io.o,__meta_backup,124,,0
an7583,Hal_io.o,__meta_backup_and_set,26,,0
an7583,Hal_io.o,__meta_get,84,,0
an7583,Hal_io.o,__meta_loop_complete_for_next,26,,0
an7583,Hal_io.o,__meta_process_complete,40,,0
an7583,Hal_io.o,__meta_restore,56,,0
an7583,Hal_io.o,__meta_set,56,,0
an7583,Hal_io.o,channel_msk_backup,24,,0
an7583,Hal_io.o,channel_msk_backup_and_set,16,,0
an7583,Hal_io.o,channel_msk_op_disable,16,,0
an7583,Hal_io.o,channel_msk_op_enable,16,,0
an7583,Hal_io.o,channel_msk_restore,24,,0
an7583,Hal_io.o,channel_msk_set,12,,0
an7583,Hal_io.o,u1PhyByteSwapOnOff,16,,0
an7583,Hal_io.o,u4Dram_Register_Read,30,mt8192:Hal_io.c:193;mt8195:Hal_io.c:371,2
an7583,Hal_io.o,u4PhyAoByteSwap,4,,0
an7583,Hal_io.o,u4RegBaseAddrTranslate,192,,0
an7583,Hal_io.o,vDram_Register_Write,20,,0
an7583,Hal_io.o,vIO32WriteMsk,42,,0
an7583,Hal_io.o,vIO32WriteMsk_All,72,,0
an7583,Hal_io.o,vPhyByteIO32WriteMsk,42,,0
an7583,Hal_io.o,vPhyByteIO32WriteMsk_All,72,,0
an7583,Hal_io.o,vPhyByteReadFldAlign,74,,0
an7583,Hal_io.o,vPhyByteWriteFldAlign,136,,0
an7583,Hal_io.o,vPhyByteWriteFldMulti2,6,,0
an7583,MD32_initial.o,MD32_initializaton,38,,0
an7583,MD32_initial.o,MD32_initializaton_ch,1180,,0
an7583,RX_path_auto_gen.o,RX_PATH_auto_gen_and_set,1192,,0
an7583,RX_path_auto_gen.o,calculate_RX_path_rg_val,1298,,0
an7583,RX_path_auto_gen.o,get_RX_path_config,628,,0
an7583,RX_path_auto_gen.o,get_max_val,30,,0
an7583,RX_path_auto_gen.o,get_min_val,30,,0
an7583,RX_path_auto_gen.o,print_RX_path_config,2,,0
an7583,RX_path_auto_gen.o,print_RX_path_rg_val,2,,0
an7583,TX_RX_auto_gen_library.o,A_div_B_RU,20,,0
an7583,TX_RX_auto_gen_library.o,Get_RL_by_MR_PC3,24,,0
an7583,TX_RX_auto_gen_library.o,Get_RL_by_MR_PC4,20,,0
an7583,TX_RX_auto_gen_library.o,Get_WL_by_MR_PC3,16,,0
an7583,TX_RX_auto_gen_library.o,Get_WL_by_MR_PC4,20,,0
an7583,TX_RX_auto_gen_library.o,get_dq_ca_p2s_latency,112,,0
an7583,TX_RX_auto_gen_library.o,get_dqsien_p2s_latency,100,,0
an7583,TX_RX_auto_gen_library.o,get_max_val_form_2dim,30,,0
an7583,TX_RX_auto_gen_library.o,get_min_val_form_2dim,30,,0
an7583,TX_RX_auto_gen_library.o,get_oe_p2s_latency,46,,0
an7583,TX_path_auto_gen.o,TX_PATH_auto_gen_and_set,116,,0
an7583,TX_path_auto_gen.o,TX_PATH_config,1916,,0
an7583,TX_path_auto_gen.o,calculate_TX_path_rg_val,1616,,0
an7583,TX_path_auto_gen.o,get_TX_path_config,768,,0
an7583,TX_path_auto_gen.o,print_TX_path_attribution,2,,0
an7583,TX_path_auto_gen.o,print_TX_path_config,2,,0
an7583,dramc.o,DDR4_BG_Num_Check,132,,0
an7583,dramc.o,DDR_Scrambler_Key_Set,84,,0
an7583,dramc.o,DDR_Scrambler_Region_Set,240,,0
an7583,dramc.o,DRAMC_Param_Init,96,,0
an7583,dramc.o,EMI_CLK_Switch,40,,0
an7583,dramc.o,RBUS_Setting,164,,0
an7583,dramc.o,TRFC_CAL,84,,0
an7583,dramc.o,TRFC_SET,120,,0
an7583,dramc.o,_Register_Read_DDR,84,,0
an7583,dramc.o,_Register_Write_DDR,76,,0
an7583,dramc.o,calculate_dram_size,112,,0
an7583,dramc.o,dramc_main,348,,0
an7583,dramc.o,get_2s_power,14,,0
an7583,dramc.o,get_config,144,,0
an7583,dramc_actiming.o,DdrUpdateACTiming,4036,mt8192:dramc_actiming.c:829;mt8195:dramc_actiming.c:610,2
an7583,dramc_actiming.o,Set_ACTbl_ddr3_CL_CWL,88,,0
an7583,dramc_actiming.o,Set_ACTbl_ddr4_CL_CWL,112,,0
an7583,dramc_actiming.o,u1GetACTimingIdx,172,mt8192:dramc_actiming.c:18;mt8195:dramc_actiming.c:19,2
an7583,dramc_dv_dut.o,DramcDUTShuSet,124,,0
an7583,dramc_dv_dut.o,DramcDUTTopSet,552,,0
an7583,dramc_dv_dut.o,DramcHWFuncSet,24,,0
an7583,dramc_dvfs.o,DVFSSettings,2,mt8192:dramc_dvfs.c:1028;mt8195:dramc_dvfs.c:1067,2
an7583,dramc_dvfs.o,vSetDFSFreqSelByTable,10,mt8192:dramc_dvfs.c:31;mt8195:dramc_dvfs.c:31,2
an7583,dramc_dvfs.o,vSetDFSTable,6,mt8192:dramc_dvfs.c:26;mt8195:dramc_dvfs.c:26,2
an7583,dramc_pi_basic_api.o,APHY_RG_Check,572,,0
an7583,dramc_pi_basic_api.o,APHY_RG_Setting_Before_K,460,,0
an7583,dramc_pi_basic_api.o,DFSInitForCalibration,148,mt8192:dramc_pi_basic_api.c:2777;mt8195:dramc_pi_basic_api.c:8172,2
an7583,dramc_pi_basic_api.o,DQSSTBSettings,112,mt8192:dramc_pi_basic_api.c:3293;mt8195:dramc_pi_basic_api.c:8684,2
an7583,dramc_pi_basic_api.o,DV_InitialSettings,42,,0
an7583,dramc_pi_basic_api.o,DramcCKEDebounce,72,mt8192:dramc_pi_basic_api.c:2331;mt8195:dramc_pi_basic_api.c:7666,2
an7583,dramc_pi_basic_api.o,DramcDRVinitSetting,716,,0
an7583,dramc_pi_basic_api.o,DramcEnablePerBankRefresh,2,mt8192:dramc_pi_basic_api.c:2179,1
an7583,dramc_pi_basic_api.o,DramcHWGatingDebugOnOff,112,mt8192:dramc_tracking.c:1497;mt8195:dramc_tracking.c:1556,2
an7583,dramc_pi_basic_api.o,DramcHWGatingOnOff,60,mt8192:dramc_tracking.c:1471;mt8195:dramc_tracking.c:1536,2
an7583,dramc_pi_basic_api.o,DramcInit,4,mt8192:dramc_pi_basic_api.c:1811;mt8195:dramc_pi_basic_api.c:7058,2
an7583,dramc_pi_basic_api.o,DramcInit_DutyCalibration,66,mt8192:dramc_pi_basic_api.c:1705;mt8195:dramc_pi_basic_api.c:6981,2
an7583,dramc_pi_basic_api.o,DramcModifiedRefreshMode,36,mt8192:dramc_pi_basic_api.c:2315;mt8195:dramc_pi_basic_api.c:7650,2
an7583,dramc_pi_basic_api.o,DramcRefreshRateDeBounceEnable,20,mt8192:dramc_pi_basic_api.c:2305;mt8195:dramc_pi_basic_api.c:7640,2
an7583,dramc_pi_basic_api.o,DramcRunTimeConfig,84,mt8192:dramc_pi_basic_api.c:2364;mt8195:dramc_pi_basic_api.c:7745,2
an7583,dramc_pi_basic_api.o,DramcShuTrackingDcmEnBySRAM,26,mt8192:dramc_pi_basic_api.c:2060,1
an7583,dramc_pi_basic_api.o,EnableCommonDCMShuffle,112,mt8192:dramc_lowpower.c:370;mt8195:dramc_lowpower.c:355,2
an7583,dramc_pi_basic_api.o,EnableDramcPhyDCM,44,mt8192:dramc_lowpower.c:671;mt8195:dramc_lowpower.c:664,2
an7583,dramc_pi_basic_api.o,EnableDramcPhyDCMNonShuffle,812,mt8192:dramc_lowpower.c:399;mt8195:dramc_lowpower.c:391,2
an7583,dramc_pi_basic_api.o,EnableDramcPhyDCMShuffle,248,mt8192:dramc_lowpower.c:579;mt8195:dramc_lowpower.c:579,2
an7583,dramc_pi_basic_api.o,EnableRxDcmDPhy,24,mt8192:dramc_lowpower.c:971;mt8195:dramc_lowpower.c:971,2
an7583,dramc_pi_basic_api.o,Enable_ClkTxRxLatchEn,212,mt8192:dramc_tracking.c:437;mt8195:dramc_tracking.c:529,2
an7583,dramc_pi_basic_api.o,FreqByMPLLRG,32,,0
an7583,dramc_pi_basic_api.o,Global_Option_Init,18,mt8192:dramc_pi_basic_api.c:320;mt8195:dramc_pi_basic_api.c:459,2
an7583,dramc_pi_basic_api.o,MPLLInit,256,mt8192:dramc_pi_basic_api.c:1010;mt8195:dramc_pi_basic_api.c:1987,2
an7583,dramc_pi_basic_api.o,MPLLInit_SSC,136,,0
an7583,dramc_pi_basic_api.o,PC3_UpdateInitialSettings,336,,0
an7583,dramc_pi_basic_api.o,PC4_UpdateInitialSettings,304,,0
an7583,dramc_pi_basic_api.o,RODTSettings,412,mt8192:dramc_pi_basic_api.c:3214;mt8195:dramc_pi_basic_api.c:8586,2
an7583,dramc_pi_basic_api.o,S0_DCMOffWA,20,mt8192:dramc_pi_basic_api.c:2350;mt8195:dramc_pi_basic_api.c:7731,2
an7583,dramc_pi_basic_api.o,SA_InitialSettings1,120,,0
an7583,dramc_pi_basic_api.o,SA_InitialSettings2,38,,0
an7583,dramc_pi_basic_api.o,SetCKE2RankIndependent,6,mt8192:dramc_pi_basic_api.c:1945;mt8195:dramc_pi_basic_api.c:7242,2
an7583,dramc_pi_basic_api.o,SetMck8xLowPwrOption,20,mt8192:dramc_pi_basic_api.c:3320;mt8195:dramc_pi_basic_api.c:8701,2
an7583,dramc_pi_basic_api.o,vReplaceDVInit,1820,mt8192:dramc_pi_basic_api.c:1213;mt8195:dramc_pi_basic_api.c:6467,2
an7583,dramc_pi_calibration_api.o,CmdOEOnOff,42,mt8195:dramc_pi_calibration_api.c:1908,1
an7583,dramc_pi_calibration_api.o,DQSDutyScan_SetDqsDelayCell,200,mt8192:dramc_pi_calibration_api.c:10584;mt8195:dramc_pi_calibration_api.c:10625,2
an7583,dramc_pi_calibration_api.o,DramPhyReset,164,mt8192:dramc_pi_calibration_api.c:3872;mt8195:dramc_pi_calibration_api.c:3515,2
an7583,dramc_pi_calibration_api.o,Dramc8PhaseCal,892,mt8192:dramc_pi_calibration_api.c:9677;mt8195:dramc_pi_calibration_api.c:9757,2
an7583,dramc_pi_calibration_api.o,DramcClockDutySetClkDelayCell,88,mt8192:dramc_pi_calibration_api.c:10566;mt8195:dramc_pi_calibration_api.c:10607,2
an7583,dramc_pi_calibration_api.o,DramcDutyDelayRGSettingConvert.constprop.0.isra.0,54,,0
an7583,dramc_pi_calibration_api.o,DramcImpedanceByEfuse,224,,0
an7583,dramc_pi_calibration_api.o,DramcImpedanceDrvSetRG,368,,0
an7583,dramc_pi_calibration_api.o,DramcImpedanceEfuseValue,72,,0
an7583,dramc_pi_calibration_api.o,DramcImpedanceSetValue,684,,0
an7583,dramc_pi_calibration_api.o,DramcJmeterCalib.constprop.0,388,,0
an7583,dramc_pi_calibration_api.o,DramcJmeterInit,732,mt8195:dramc_pi_calibration_api.c:9533,1
an7583,dramc_pi_calibration_api.o,DramcMiockJmeter,328,mt8192:dramc_pi_calibration_api.c:9189,1
an7583,dramc_pi_calibration_api.o,DramcNewDutyCalibration,744,mt8192:dramc_pi_calibration_api.c:10711;mt8195:dramc_pi_calibration_api.c:10736,2
an7583,dramc_pi_calibration_api.o,DramcRxWinRDDQCEnd,72,mt8192:dramc_pi_calibration_api.c:6339;mt8195:dramc_pi_calibration_api.c:6232,2
an7583,dramc_pi_calibration_api.o,DramcRxWinRDDQCInit,244,mt8192:dramc_pi_calibration_api.c:6250;mt8195:dramc_pi_calibration_api.c:6174,2
an7583,dramc_pi_calibration_api.o,DramcRxWinRDDQCRun,44,mt8192:dramc_pi_calibration_api.c:6362;mt8195:dramc_pi_calibration_api.c:6297,2
an7583,dramc_pi_calibration_api.o,DramcRxWindowPerbitCal,2472,mt8192:dramc_pi_calibration_api.c:6393;mt8195:dramc_pi_calibration_api.c:6327,2
an7583,dramc_pi_calibration_api.o,DramcRxdatlatCal,292,mt8192:dramc_pi_calibration_api.c:7064;mt8195:dramc_pi_calibration_api.c:7051,2
an7583,dramc_pi_calibration_api.o,DramcTXSetVref,128,mt8192:dramc_pi_calibration_api.c:7572;mt8195:dramc_pi_calibration_api.c:7606,2
an7583,dramc_pi_calibration_api.o,DramcTxWindowPerbitCal,2732,mt8192:dramc_pi_calibration_api.c:7948;mt8195:dramc_pi_calibration_api.c:7949,2
an7583,dramc_pi_calibration_api.o,DramcWriteLeveling,1208,mt8192:dramc_pi_calibration_api.c:3529;mt8195:dramc_pi_calibration_api.c:3052,2
an7583,dramc_pi_calibration_api.o,DramcZQCalibration,48,mt8192:dramc_pi_calibration_api.c:4201;mt8195:dramc_pi_calibration_api.c:3831,2
an7583,dramc_pi_calibration_api.o,Dramc_efuse_read_parse,78,,0
an7583,dramc_pi_calibration_api.o,DutyScan_Calibration_Flow,1972,,0
an7583,dramc_pi_calibration_api.o,DutyScan_Offset_Calibration,736,,0
an7583,dramc_pi_calibration_api.o,DutyScan_Offset_Convert,44,,0
an7583,dramc_pi_calibration_api.o,GetVcoreDelayCellTime,72,mt8192:dramc_pi_calibration_api.c:9609;mt8195:dramc_pi_calibration_api.c:9701,2
an7583,dramc_pi_calibration_api.o,Get_RX_DelayCell,2,mt8192:dramc_pi_main.c:460;mt8195:dramc_pi_calibration_api.c:9715,2
an7583,dramc_pi_calibration_api.o,O1PathOnOff,304,mt8192:dramc_pi_calibration_api.c:988;mt8195:dramc_pi_calibration_api.c:1005,2
an7583,dramc_pi_calibration_api.o,PCDDR_ShiftDQSUI,68,,0
an7583,dramc_pi_calibration_api.o,PCDDR_ShiftDQS_OENUI,72,,0
an7583,dramc_pi_calibration_api.o,RxLdoOutputSelByJmeter,156,,0
an7583,dramc_pi_calibration_api.o,SetRxDqDelay,84,mt8195:dramc_pi_calibration_api.c:6261,1
an7583,dramc_pi_calibration_api.o,ShiftDQSWCK_UI,26,mt8192:dramc_pi_calibration_api.c:3354;mt8195:dramc_pi_calibration_api.c:2871,2
an7583,dramc_pi_calibration_api.o,ShiftDQUI,88,mt8192:dramc_pi_calibration_api.c:3293;mt8195:dramc_pi_calibration_api.c:2804,2
an7583,dramc_pi_calibration_api.o,ShiftDQUI_AllRK,4,mt8192:dramc_pi_calibration_api.c:3310;mt8195:dramc_pi_calibration_api.c:2821,2
an7583,dramc_pi_calibration_api.o,ShiftDQ_OENUI,92,mt8192:dramc_pi_calibration_api.c:3324;mt8195:dramc_pi_calibration_api.c:2835,2
an7583,dramc_pi_calibration_api.o,ShiftDQ_OENUI_AllRK,4,mt8192:dramc_pi_calibration_api.c:3340;mt8195:dramc_pi_calibration_api.c:2851,2
an7583,dramc_pi_calibration_api.o,TXSetDelayReg_DQ,152,mt8192:dramc_pi_calibration_api.c:7670;mt8195:dramc_pi_calibration_api.c:7694,2
an7583,dramc_pi_calibration_api.o,TXSetDelayReg_DQM,152,mt8192:dramc_pi_calibration_api.c:7704;mt8195:dramc_pi_calibration_api.c:7720,2
an7583,dramc_pi_calibration_api.o,TXUpdateDelayReg_DQ_DQM,220,,0
an7583,dramc_pi_calibration_api.o,TxWinTransferDelayToUIPI,148,mt8192:dramc_pi_calibration_api.c:7219;mt8195:dramc_pi_calibration_api.c:7245,2
an7583,dramc_pi_calibration_api.o,TxWinTransferDelayToUIPIByHighSpeed,256,,0
an7583,dramc_pi_calibration_api.o,_LoopAryToDelay,436,mt8192:dramc_pi_calibration_api.c:3242;mt8195:dramc_pi_calibration_api.c:2753,2
an7583,dramc_pi_calibration_api.o,dle_factor_handler,144,mt8192:dramc_pi_calibration_api.c:7015;mt8195:dramc_pi_calibration_api.c:7006,2
an7583,dramc_pi_calibration_api.o,dramc_rx_dqs_gating_cal,1568,mt8192:dramc_pi_calibration_api.c:5733;mt8195:dramc_pi_calibration_api.c:5652,2
an7583,dramc_pi_calibration_api.o,get_gating_start_pos,48,,0
an7583,dramc_pi_calibration_api.o,u1IsPhaseMode,26,mt8192:dramc_pi_calibration_api.c:3387;mt8195:dramc_pi_calibration_api.c:2899,2
an7583,dramc_pi_calibration_api.o,u1MCK2UI_DivShift,18,mt8192:dramc_pi_calibration_api.c:3169;mt8195:dramc_pi_calibration_api.c:2699,2
an7583,dramc_pi_calibration_api.o,vAfterCalibration,52,mt8192:dramc_pi_calibration_api.c:958;mt8195:dramc_pi_calibration_api.c:961,2
an7583,dramc_pi_calibration_api.o,vBeforeCalibration,564,mt8192:dramc_pi_calibration_api.c:805;mt8195:dramc_pi_calibration_api.c:837,2
an7583,dramc_pi_calibration_api.o,vInitGlobalVariablesByCondition,16,mt8192:dramc_pi_calibration_api.c:547;mt8195:dramc_pi_calibration_api.c:485,2
an7583,dramc_pi_calibration_api.o,vPrintCalibrationResult,30,mt8192:dramc_pi_calibration_api.c:279;mt8195:dramc_pi_calibration_api.c:287,2
an7583,dramc_pi_calibration_api.o,vResetDelayChainBeforeCalibration,224,mt8192:dramc_pi_calibration_api.c:3820;mt8195:dramc_pi_calibration_api.c:3464,2
an7583,dramc_pi_calibration_api.o,vSetCalibrationResult,82,mt8192:dramc_pi_calibration_api.c:161;mt8195:dramc_pi_calibration_api.c:168,2
an7583,dramc_pi_calibration_api.o,vSetDramMRWriteLevelingOnOff,264,mt8192:dramc_pi_calibration_api.c:3376;mt8195:dramc_pi_calibration_api.c:2888,2
an7583,dramc_pi_main.o,DramRankNumberDetection,74,mt8192:dramc_pi_main.c:640;mt8195:dramc_pi_main.c:1054,2
an7583,dramc_pi_main.o,Init_DRAM,408,mt8192:dramc_pi_main.c:1294;mt8195:dramc_pi_main.c:1750,2
an7583,dramc_pi_main.o,Init_Dram_Ctx_By_Type,176,,0
an7583,dramc_pi_main.o,Test_Broadcast_Feature,2,mt8192:dramc_pi_main.c:406;mt8195:dramc_pi_main.c:780,2
an7583,dramc_pi_main.o,dly_cell_comp,38,,0
an7583,dramc_pi_main.o,dump_dramc_ctx,188,mt8192:dramc_pi_main.c:2102;mt8195:dramc_pi_main.c:2578,2
an7583,dramc_pi_main.o,mem_test_address_calculation,8,mt8195:dramc_pi_main.c:841,1
an7583,dramc_pi_main.o,vDramCalibrationAllChannel,122,mt8192:dramc_pi_main.c:1137;mt8195:dramc_pi_main.c:1598,2
an7583,dramc_pi_main.o,vSetVcoreByFreq,2,mt8192:dramc_pi_main.c:146;mt8195:dramc_pi_main.c:144,2
an7583,dramc_selfrefresh_api.o,APPLY_DRAM_K_RESULT,22,,0
an7583,dramc_selfrefresh_api.o,APPLY_DRAM_K_RESULT_RK0_TO_RK1,396,,0
an7583,dramc_selfrefresh_api.o,APPLY_DRAM_K_RESULT_RK1_TO_RK0,456,,0
an7583,dramc_selfrefresh_api.o,BACKUP_DRAM_K_RESULT_RK0,272,,0
an7583,dramc_selfrefresh_api.o,BACKUP_DRAM_K_RESULT_RK1,260,,0
an7583,dramc_selfrefresh_api.o,DVFS_MEM_CK_MUX,68,,0
an7583,dramc_selfrefresh_api.o,DramPhyResetSelfRefresh,168,,0
an7583,dramc_selfrefresh_api.o,Enter_SelfRefresh_api,444,,0
an7583,dramc_selfrefresh_api.o,HW_AUTO_SREF_IDLE_TIME,28,,0
an7583,dramc_selfrefresh_api.o,HW_AUTO_SREF_ONOFF,20,,0
an7583,dramc_selfrefresh_api.o,HW_AUTO_SREF_SETTING,68,,0
an7583,dramc_selfrefresh_api.o,HW_AUTO_SREF_TIMES,12,,0
an7583,dramc_selfrefresh_api.o,MPLLRGByFreq,132,,0
an7583,dramc_selfrefresh_api.o,READ_RG_FLD,20,,0
an7583,dramc_selfrefresh_api.o,RX_DQ_delay_shift,160,,0
an7583,dramc_selfrefresh_api.o,SetMR6_SREF,216,,0
an7583,dramc_selfrefresh_api.o,SetTXVref_SREF,24,,0
an7583,dramc_selfrefresh_api.o,SetTXVref_SREF.part.0,56,,0
an7583,dramc_selfrefresh_api.o,StepSynthPLL,544,,0
an7583,dramc_selfrefresh_api.o,SwitchSynthPLLSSC,348,,0
an7583,dramc_selfrefresh_api.o,TX_DQ_delay_shift,296,,0
an7583,dramc_selfrefresh_api.o,WRITE_RG_FLD,30,,0
an7583,dramc_utility.o,CKEFixOnOff,84,mt8192:dramc_utility.c:800;mt8195:dramc_utility.c:784,2
an7583,dramc_utility.o,CKE_FIX_OFF,28,,0
an7583,dramc_utility.o,CKE_FIX_ON,28,mt8192:LP4_dram_init.c:5;mt8195:LP4_dram_init.c:5,2
an7583,dramc_utility.o,DDRPhyFMeter,12,mt8192:dramc_utility.c:369,1
an7583,dramc_utility.o,DDRPhyFreqSel,40,mt8192:dramc_utility.c:653;mt8195:dramc_utility.c:621,2
an7583,dramc_utility.o,DDRPhyGetRealFreq,44,mt8195:dramc_utility.c:324;mt8195:dramc_debug.c:666,2
an7583,dramc_utility.o,DramcBackupMixedRG,72,,0
an7583,dramc_utility.o,DramcBackupMixedRG_Single,124,,0
an7583,dramc_utility.o,DramcBackupRegisters,72,mt8192:dramc_utility.c:2296;mt8195:dramc_utility.c:2317,2
an7583,dramc_utility.o,DramcBackupRegisters_Single,72,,0
an7583,dramc_utility.o,DramcBroadcastOnOff,32,mt8192:dramc_utility.c:89;mt8195:dramc_utility.c:66,2
an7583,dramc_utility.o,DramcEngine2CheckComplete,160,mt8192:dramc_utility.c:1105;mt8195:dramc_utility.c:1080,2
an7583,dramc_utility.o,DramcEngine2Compare,144,mt8192:dramc_utility.c:1146;mt8195:dramc_utility.c:1121,2
an7583,dramc_utility.o,DramcEngine2End,88,mt8192:dramc_utility.c:1325;mt8195:dramc_utility.c:1273,2
an7583,dramc_utility.o,DramcEngine2Init,192,mt8192:dramc_utility.c:1198;mt8195:dramc_utility.c:1169,2
an7583,dramc_utility.o,DramcEngine2Run,116,mt8192:dramc_utility.c:1278;mt8195:dramc_utility.c:1229,2
an7583,dramc_utility.o,DramcEngine2SetPat,348,mt8192:dramc_utility.c:991;mt8195:dramc_utility.c:969,2
an7583,dramc_utility.o,DramcModeRegRead,100,mt8192:dramc_utility.c:1994;mt8195:dramc_utility.c:2070,2
an7583,dramc_utility.o,DramcModeRegReadByRank,88,mt8192:dramc_utility.c:2035;mt8195:dramc_utility.c:2110,2
an7583,dramc_utility.o,DramcModeRegWriteByRank,48,mt8192:dramc_utility.c:2182;mt8195:dramc_utility.c:2234,2
an7583,dramc_utility.o,DramcModeRegWriteByRank_RTSWCMD_MRW,50,,0
an7583,dramc_utility.o,DramcRestoreMixedRG,80,,0
an7583,dramc_utility.o,DramcRestoreMixedRG_Single,132,,0
an7583,dramc_utility.o,DramcRestoreRegisters,80,mt8192:dramc_utility.c:2317;mt8195:dramc_utility.c:2338,2
an7583,dramc_utility.o,DramcRestoreRegisters_Single,76,,0
an7583,dramc_utility.o,DramcSetRWOFOEN,76,mt8192:dramc_utility.c:919;mt8195:dramc_utility.c:900,2
an7583,dramc_utility.o,DramcSetRankEngine2,54,mt8192:dramc_utility.c:975;mt8195:dramc_utility.c:956,2
an7583,dramc_utility.o,DramcTriggerRTSWCMD,396,,0
an7583,dramc_utility.o,GetDataRateByFreq,178,,0
an7583,dramc_utility.o,GetDramcBroadcast,16,mt8192:dramc_utility.c:76;mt8195:dramc_utility.c:53,2
an7583,dramc_utility.o,GetEyeScanEnable,4,mt8192:dramc_utility.c:710;mt8195:dramc_utility.c:661,2
an7583,dramc_utility.o,GetFreqBySel,20,mt8192:dramc_utility.c:530;mt8195:dramc_utility.c:498,2
an7583,dramc_utility.o,GetSelByFreq,206,mt8192:dramc_utility.c:609;mt8195:dramc_utility.c:577,2
an7583,dramc_utility.o,Get_Duty_Calibration_Mode,8,mt8192:dramc_utility.c:449;mt8195:dramc_utility.c:411,2
an7583,dramc_utility.o,Get_Vref_Calibration_OnOff,8,mt8192:dramc_utility.c:454;mt8195:dramc_utility.c:416,2
an7583,dramc_utility.o,SetClkFreeRun,90,,0
an7583,dramc_utility.o,TA2_Show_Cnt,80,mt8192:dramc_utility.c:1540;mt8195:dramc_utility.c:1555,2
an7583,dramc_utility.o,TA2_Test_Run_Time_HW,272,mt8192:dramc_utility.c:1637;mt8195:dramc_utility.c:1735,2
an7583,dramc_utility.o,TA2_Test_Run_Time_HW_Presetting,216,mt8192:dramc_utility.c:1383;mt8195:dramc_utility.c:1377,2
an7583,dramc_utility.o,TA2_Test_Run_Time_HW_Read,44,mt8195:dramc_utility.c:1519,1
an7583,dramc_utility.o,TA2_Test_Run_Time_HW_Status,176,mt8192:dramc_utility.c:1586;mt8195:dramc_utility.c:1679,2
an7583,dramc_utility.o,TA2_Test_Run_Time_HW_Write,44,mt8192:dramc_utility.c:1523;mt8195:dramc_utility.c:1534,2
an7583,dramc_utility.o,TA2_Test_Run_Time_Pat_Setting,152,mt8192:dramc_utility.c:1487;mt8195:dramc_utility.c:1486,2
an7583,dramc_utility.o,TA2_Test_Run_Time_SW_Presetting,132,mt8192:dramc_utility.c:2436;mt8195:dramc_utility.c:2869,2
an7583,dramc_utility.o,TestEngineCompare,120,mt8195:dramc_utility.c:1282,1
an7583,dramc_utility.o,is_ddr3_family,10,,0
an7583,dramc_utility.o,is_ddr4_family,10,,0
an7583,dramc_utility.o,setFreqGroup,120,mt8192:dramc_utility.c:259;mt8195:dramc_utility.c:267,2
an7583,dramc_utility.o,u1GetRank,4,mt8192:dramc_utility.c:230;mt8195:dramc_utility.c:243,2
an7583,dramc_utility.o,u1NeedSkipDPMRG,42,,0
an7583,dramc_utility.o,u2DFSGetHighestFreq,80,mt8192:dramc_utility.c:689;mt8195:dramc_utility.c:640,2
an7583,dramc_utility.o,vAutoRefreshSwitch,68,mt8192:dramc_utility.c:845;mt8195:dramc_utility.c:829,2
an7583,dramc_utility.o,vCKERankCtrl,112,mt8192:dramc_utility.c:866;mt8195:dramc_utility.c:847,2
an7583,dramc_utility.o,vGetPHY2ChannelMapping,4,mt8192:dramc_utility.c:211;mt8195:dramc_utility.c:198,2
an7583,dramc_utility.o,vGet_Current_ShuLevel,8,mt8192:dramc_utility.c:436,1
an7583,dramc_utility.o,vGet_DDR_Loop_Mode,8,mt8192:dramc_utility.c:415;mt8195:dramc_utility.c:379,2
an7583,dramc_utility.o,vGet_Div_Mode,8,mt8192:dramc_utility.c:426;mt8195:dramc_utility.c:389,2
an7583,dramc_utility.o,vGet_Dram_CBT_Mode,28,mt8192:dramc_utility.c:460;mt8195:dramc_utility.c:426,2
an7583,dramc_utility.o,vPrintCalibrationBasicInfo,2,mt8192:dramc_utility.c:476;mt8195:dramc_utility.c:443,2
an7583,dramc_utility.o,vSetPHY2ChannelMapping,4,mt8192:dramc_utility.c:206;mt8195:dramc_utility.c:193,2
an7583,dramc_utility.o,vSetRank,4,mt8192:dramc_utility.c:225;mt8195:dramc_utility.c:238,2
an7583,dramc_utility.o,vSetRankNumber,6,mt8192:dramc_utility.c:235;mt8195:dramc_utility.c:248,2
an7583,dramtest.o,Check_DRAMC_BIST_Done,48,,0
an7583,dramtest.o,DDR_Scrambler_Region_EN,52,,0
an7583,dramtest.o,DDR_Scrambler_Region_Type,52,,0
an7583,dramtest.o,DDR_Scrmabler_test,496,,0
an7583,dramtest.o,DRAMC_BIST,84,,0
an7583,dramtest.o,DRAMC_BIST_set,180,,0
an7583,dramtest.o,DRAMC_BIST_test,344,,0
an7583,dramtest.o,dramTest,268,,0
an7583,dramtest.o,dram_antiIncrPat_cmp,384,,0
an7583,dramtest.o,dram_incrPat_cmp,744,,0
an7583,dramtest.o,dram_pat_cmp,568,,0
an7583,dramtest.o,dram_pat_set,288,,0
an7583,dramtest.o,set_gdma_config,52,,0
an7583,dramtest.o,trigger_gdma,32,,0
an7583,dramtest.o,wait_gdma_done,28,,0
