soc,function,vendor_size,candidate_size,delta,calls_exact,vendor_calls,candidate_calls
an7581,DFSInitForCalibration,148,160,12,False,DV_InitialSettings;SA_InitialSettings1;DramcBroadcastOnOff;SetClkFreeRun;DramcBroadcastOnOff;is_ddr4_family;PC4_DRAM_INIT;DramcBroadcastOnOff;SetClkFreeRun;DramcBroadcastOnOff;vSetPHY2ChannelMapping;is_ddr3_family;PC3_DRAM_INIT;vSetPHY2ChannelMapping;DIG_HW_NONSHUF_SWITCH;SA_InitialSettings2,DV_InitialSettings;SA_InitialSettings1;DramcBroadcastOnOff;SetClkFreeRun;DramcBroadcastOnOff;is_ddr4_family;PC4_DRAM_INIT;is_ddr3_family;PC3_DRAM_INIT;DramcBroadcastOnOff;SetClkFreeRun;DramcBroadcastOnOff;vSetPHY2ChannelMapping;DIG_HW_NONSHUF_SWITCH;vSetPHY2ChannelMapping;SA_InitialSettings2
an7581,DQSSTBSettings,108,128,20,False,is_ddr4_family;is_ddr3_family;vIO32WriteMsk;vPhyByteWriteFldAlign;vPhyByteWriteFldAlign;vPhyByteWriteFldAlign,is_ddr4_family;is_ddr3_family;vIO32WriteMsk
an7581,DV_InitialSettings,42,44,2,True,DramcBroadcastOnOff;ANA_init;DIG_STATIC_SETTING;DIG_CONFIG_SHUF;DramcBroadcastOnOff,DramcBroadcastOnOff;ANA_init;DIG_STATIC_SETTING;DIG_CONFIG_SHUF;DramcBroadcastOnOff
an7581,DramcCKEDebounce,72,88,16,True,vSetRank;vIO32WriteMsk_All;vSetRank,vSetRank;vIO32WriteMsk_All;vSetRank
an7581,DramcEnablePerBankRefresh,2,2,0,True,,
an7581,DramcHWGatingOnOff,60,72,12,False,vIO32WriteMsk_All;vIO32WriteMsk_All;vIO32WriteMsk_All,
an7581,DramcInit,4,4,0,True,,
an7581,DramcInit_DutyCalibration,86,96,10,False,vGetPHY2ChannelMapping;GetDramcBroadcast;CKE_FIX_ON;CKE_FIX_ON;DramcBroadcastOnOff;vSetPHY2ChannelMapping;vSetPHY2ChannelMapping;DramcNewDutyCalibration;DramcBroadcastOnOff,vGetPHY2ChannelMapping;GetDramcBroadcast;CKE_FIX_ON;CKE_FIX_ON;DramcBroadcastOnOff;vSetPHY2ChannelMapping;DramcNewDutyCalibration;vSetPHY2ChannelMapping;DramcBroadcastOnOff
an7581,DramcModifiedRefreshMode,36,40,4,True,vPhyByteIO32WriteMsk_All;vIO32WriteMsk_All,vPhyByteIO32WriteMsk_All;vIO32WriteMsk_All
an7581,DramcRefreshRateDeBounceEnable,20,20,0,True,vPhyByteIO32WriteMsk_All,vPhyByteIO32WriteMsk_All
an7581,DramcRunTimeConfig,84,88,4,True,DramcHWGatingDebugOnOff;vIO32WriteMsk_All;DramcShuTrackingDcmEnBySRAM;DramcRefreshRateDeBounceEnable;vAutoRefreshSwitch;vPhyByteIO32WriteMsk_All;vIO32WriteMsk,DramcHWGatingDebugOnOff;vIO32WriteMsk_All;DramcShuTrackingDcmEnBySRAM;DramcRefreshRateDeBounceEnable;vAutoRefreshSwitch;vPhyByteIO32WriteMsk_All;vIO32WriteMsk
an7581,DramcShuTrackingDcmEnBySRAM,26,28,2,True,EnableRxDcmDPhy;Enable_ClkTxRxLatchEn;EnableDramcPhyDCMShuffle,EnableRxDcmDPhy;Enable_ClkTxRxLatchEn;EnableDramcPhyDCMShuffle
an7581,EnableDramcPhyDCM,44,54,10,True,GetDramcBroadcast;DramcBroadcastOnOff;EnableDramcPhyDCMNonShuffle;EnableDramcPhyDCMShuffle;DramcBroadcastOnOff,GetDramcBroadcast;DramcBroadcastOnOff;EnableDramcPhyDCMNonShuffle;EnableDramcPhyDCMShuffle;DramcBroadcastOnOff
an7581,EnableRxDcmDPhy,24,24,0,True,vPhyByteIO32WriteMsk_All,vPhyByteIO32WriteMsk_All
an7581,Enable_ClkTxRxLatchEn,212,204,-8,False,vPhyByteWriteFldAlign;vPhyByteWriteFldAlign;vPhyByteWriteFldAlign;vPhyByteWriteFldAlign;vPhyByteWriteFldAlign;vPhyByteWriteFldAlign;vPhyByteWriteFldAlign;vPhyByteWriteFldAlign;vPhyByteWriteFldAlign;vPhyByteWriteFldAlign,
an7581,Global_Option_Init,18,20,2,True,vSetRankNumber;vInitGlobalVariablesByCondition,vSetRankNumber;vInitGlobalVariablesByCondition
an7581,S0_DCMOffWA,20,20,0,True,vPhyByteIO32WriteMsk_All,vPhyByteIO32WriteMsk_All
an7581,SA_InitialSettings1,120,120,0,False,DramcBroadcastOnOff;is_ddr4_family;PC4_UpdateInitialSettings;vResetDelayChainBeforeCalibration;DramcBroadcastOnOff;memset;memset;vSetRank;APHY_RG_Setting_Before_K;GetVcoreDelayCellTime;Dramc8PhaseCal;is_ddr3_family;PC3_UpdateInitialSettings;DramcInit_DutyCalibration,DramcBroadcastOnOff;is_ddr4_family;PC4_UpdateInitialSettings;is_ddr3_family;PC3_UpdateInitialSettings;vResetDelayChainBeforeCalibration;DramcBroadcastOnOff;memset;memset;vSetRank;APHY_RG_Setting_Before_K;GetVcoreDelayCellTime;Dramc8PhaseCal;DramcInit_DutyCalibration
an7581,SA_InitialSettings2,38,40,2,True,DramcBroadcastOnOff;DdrUpdateACTiming;memset;vBeforeCalibration,DramcBroadcastOnOff;DdrUpdateACTiming;memset;vBeforeCalibration
an7581,SetCKE2RankIndependent,6,6,0,True,vCKERankCtrl,vCKERankCtrl
an7581,SetMck8xLowPwrOption,20,20,0,True,vPhyByteIO32WriteMsk,vPhyByteIO32WriteMsk
an7583,DFSInitForCalibration,148,160,12,False,DV_InitialSettings;SA_InitialSettings1;DramcBroadcastOnOff;SetClkFreeRun;DramcBroadcastOnOff;is_ddr4_family;PC4_DRAM_INIT;DramcBroadcastOnOff;SetClkFreeRun;DramcBroadcastOnOff;vSetPHY2ChannelMapping;is_ddr3_family;PC3_DRAM_INIT;vSetPHY2ChannelMapping;DIG_HW_NONSHUF_SWITCH;SA_InitialSettings2,DV_InitialSettings;SA_InitialSettings1;DramcBroadcastOnOff;SetClkFreeRun;DramcBroadcastOnOff;is_ddr4_family;PC4_DRAM_INIT;is_ddr3_family;PC3_DRAM_INIT;DramcBroadcastOnOff;SetClkFreeRun;DramcBroadcastOnOff;vSetPHY2ChannelMapping;DIG_HW_NONSHUF_SWITCH;vSetPHY2ChannelMapping;SA_InitialSettings2
an7583,DQSSTBSettings,112,124,12,False,is_ddr4_family;is_ddr3_family;vIO32WriteMsk;vPhyByteWriteFldAlign;vPhyByteWriteFldAlign;vPhyByteWriteFldAlign,is_ddr4_family;is_ddr3_family;vIO32WriteMsk
an7583,DV_InitialSettings,42,44,2,True,DramcBroadcastOnOff;ANA_init;DIG_STATIC_SETTING;DIG_CONFIG_SHUF;DramcBroadcastOnOff,DramcBroadcastOnOff;ANA_init;DIG_STATIC_SETTING;DIG_CONFIG_SHUF;DramcBroadcastOnOff
an7583,DramcCKEDebounce,72,88,16,True,vSetRank;vIO32WriteMsk_All;vSetRank,vSetRank;vIO32WriteMsk_All;vSetRank
an7583,DramcEnablePerBankRefresh,2,2,0,True,,
an7583,DramcHWGatingOnOff,60,72,12,False,vIO32WriteMsk_All;vIO32WriteMsk_All;vIO32WriteMsk_All,
an7583,DramcInit,4,4,0,True,,
an7583,DramcInit_DutyCalibration,66,76,10,False,vGetPHY2ChannelMapping;GetDramcBroadcast;DramcBroadcastOnOff;vSetPHY2ChannelMapping;vSetPHY2ChannelMapping;DramcNewDutyCalibration;DramcBroadcastOnOff,vGetPHY2ChannelMapping;GetDramcBroadcast;DramcBroadcastOnOff;vSetPHY2ChannelMapping;DramcNewDutyCalibration;vSetPHY2ChannelMapping;DramcBroadcastOnOff
an7583,DramcModifiedRefreshMode,36,40,4,True,vPhyByteIO32WriteMsk_All;vIO32WriteMsk_All,vPhyByteIO32WriteMsk_All;vIO32WriteMsk_All
an7583,DramcRefreshRateDeBounceEnable,20,20,0,True,vPhyByteIO32WriteMsk_All,vPhyByteIO32WriteMsk_All
an7583,DramcRunTimeConfig,84,88,4,True,DramcHWGatingDebugOnOff;vIO32WriteMsk_All;DramcShuTrackingDcmEnBySRAM;DramcRefreshRateDeBounceEnable;vAutoRefreshSwitch;vPhyByteIO32WriteMsk_All;vIO32WriteMsk,DramcHWGatingDebugOnOff;vIO32WriteMsk_All;DramcShuTrackingDcmEnBySRAM;DramcRefreshRateDeBounceEnable;vAutoRefreshSwitch;vPhyByteIO32WriteMsk_All;vIO32WriteMsk
an7583,DramcShuTrackingDcmEnBySRAM,26,28,2,True,EnableRxDcmDPhy;Enable_ClkTxRxLatchEn;EnableDramcPhyDCMShuffle,EnableRxDcmDPhy;Enable_ClkTxRxLatchEn;EnableDramcPhyDCMShuffle
an7583,EnableDramcPhyDCM,44,54,10,True,GetDramcBroadcast;DramcBroadcastOnOff;EnableDramcPhyDCMNonShuffle;EnableDramcPhyDCMShuffle;DramcBroadcastOnOff,GetDramcBroadcast;DramcBroadcastOnOff;EnableDramcPhyDCMNonShuffle;EnableDramcPhyDCMShuffle;DramcBroadcastOnOff
an7583,EnableRxDcmDPhy,24,24,0,True,vPhyByteIO32WriteMsk_All,vPhyByteIO32WriteMsk_All
an7583,Enable_ClkTxRxLatchEn,212,204,-8,False,vPhyByteWriteFldAlign;vPhyByteWriteFldAlign;vPhyByteWriteFldAlign;vPhyByteWriteFldAlign;vPhyByteWriteFldAlign;vPhyByteWriteFldAlign;vPhyByteWriteFldAlign;vPhyByteWriteFldAlign;vPhyByteWriteFldAlign;vPhyByteWriteFldAlign,
an7583,FreqByMPLLRG,32,28,-4,True,,
an7583,Global_Option_Init,18,20,2,True,vSetRankNumber;vInitGlobalVariablesByCondition,vSetRankNumber;vInitGlobalVariablesByCondition
an7583,MPLLInit_SSC,136,140,4,True,printf;MPLLRGByFreq;udelay;printf,printf;MPLLRGByFreq;udelay;printf
an7583,S0_DCMOffWA,20,20,0,True,vPhyByteIO32WriteMsk_All,vPhyByteIO32WriteMsk_All
an7583,SA_InitialSettings1,120,120,0,False,DramcBroadcastOnOff;is_ddr4_family;PC4_UpdateInitialSettings;vResetDelayChainBeforeCalibration;DramcBroadcastOnOff;memset;memset;vSetRank;APHY_RG_Setting_Before_K;GetVcoreDelayCellTime;Dramc8PhaseCal;is_ddr3_family;PC3_UpdateInitialSettings;DramcInit_DutyCalibration,DramcBroadcastOnOff;is_ddr4_family;PC4_UpdateInitialSettings;is_ddr3_family;PC3_UpdateInitialSettings;vResetDelayChainBeforeCalibration;DramcBroadcastOnOff;memset;memset;vSetRank;APHY_RG_Setting_Before_K;GetVcoreDelayCellTime;Dramc8PhaseCal;DramcInit_DutyCalibration
an7583,SA_InitialSettings2,38,40,2,True,DramcBroadcastOnOff;DdrUpdateACTiming;memset;vBeforeCalibration,DramcBroadcastOnOff;DdrUpdateACTiming;memset;vBeforeCalibration
an7583,SetCKE2RankIndependent,6,6,0,True,vCKERankCtrl,vCKERankCtrl
an7583,SetMck8xLowPwrOption,20,20,0,True,vPhyByteIO32WriteMsk,vPhyByteIO32WriteMsk
