soc,function,vendor_size,candidate_size,delta,vendor_calls,candidate_calls,call_sequence_exact
an7581,CKEFixOnOff,84,60,-24,vPhyByteIO32WriteMsk_All;vPhyByteIO32WriteMsk,vPhyByteIO32WriteMsk_All;vPhyByteIO32WriteMsk,True
an7581,CKE_FIX_OFF,28,32,4,vPhyByteIO32WriteMsk,vPhyByteIO32WriteMsk,True
an7581,CKE_FIX_ON,28,32,4,vPhyByteIO32WriteMsk,vPhyByteIO32WriteMsk,True
an7581,DDRPhyFMeter,12,12,0,,,True
an7581,DDRPhyFreqSel,60,54,-6,setFreqGroup,GetFreqBySel;setFreqGroup,False
an7581,DDRPhyGetRealFreq,40,40,0,,,True
an7581,DramcBackupMixedRG,90,96,6,DramcBackupMixedRG_Single;__meta_backup_and_set;DramcBackupMixedRG_Single;__meta_advance;__meta_get;__meta_restore,__meta_backup_and_set;DramcBackupMixedRG_Single;__meta_advance;__meta_get;__meta_restore;DramcBackupMixedRG_Single,False
an7581,DramcBackupMixedRG_Single,112,104,-8,u4Dram_Register_Read;vPhyByteReadFldAlign,vPhyByteReadFldAlign;mixed_mask;u4Dram_Register_Read,False
an7581,DramcBackupRegisters,90,96,6,DramcBackupRegisters_Single;__meta_backup_and_set;DramcBackupRegisters_Single;__meta_advance;__meta_get;__meta_restore,__meta_backup_and_set;DramcBackupRegisters_Single;__meta_advance;__meta_get;__meta_restore;DramcBackupRegisters_Single,False
an7581,DramcBackupRegisters_Single,72,68,-4,u1NeedSkipDPMRG;vPhyByteReadFldAlign,u1NeedSkipDPMRG;vPhyByteReadFldAlign,True
an7581,DramcBroadcastOnOff,32,28,-4,,,True
an7581,DramcEngine2CheckComplete,152,144,-8,u4Dram_Register_Read;vPhyByteReadFldAlign;u4Dram_Register_Read;vPhyByteReadFldAlign;u4Dram_Register_Read;udelay;udelay,u4Dram_Register_Read;vPhyByteReadFldAlign;u4Dram_Register_Read;u4Dram_Register_Read;udelay;udelay;u4Dram_Register_Read;vPhyByteReadFldAlign,False
an7581,DramcEngine2Compare,144,152,8,u4Dram_Register_Read;u4Dram_Register_Read;u4Dram_Register_Read;DramcEngine2CheckComplete;vPhyByteIO32WriteMsk;udelay;vPhyByteIO32WriteMsk;DramcEngine2CheckComplete;vPhyByteReadFldAlign,DramcEngine2CheckComplete;vPhyByteIO32WriteMsk;udelay;vPhyByteIO32WriteMsk;DramcEngine2CheckComplete;vPhyByteReadFldAlign,False
an7581,DramcEngine2End,52,56,4,vPhyByteIO32WriteMsk;DramcSetRWOFOEN;vPhyByteWriteFldAlign,vPhyByteIO32WriteMsk;DramcSetRWOFOEN;vPhyByteWriteFldAlign,True
an7581,DramcEngine2Init,192,204,12,DramcSetRankEngine2;vPhyByteReadFldAlign;vPhyByteIO32WriteMsk;vPhyByteIO32WriteMsk;vPhyByteIO32WriteMsk;vIO32WriteMsk;vIO32WriteMsk;DramcEngine2SetPat,DramcSetRankEngine2;vPhyByteReadFldAlign;vIO32WriteMsk;vIO32WriteMsk;DramcEngine2SetPat,False
an7581,DramcEngine2Run,116,108,-8,vIO32WriteMsk;vPhyByteIO32WriteMsk;DramcEngine2Compare;udelay;vPhyByteReadFldAlign;vPhyByteIO32WriteMsk,vIO32WriteMsk;vPhyByteIO32WriteMsk;DramcEngine2Compare;udelay;vPhyByteReadFldAlign;vPhyByteIO32WriteMsk,True
an7581,DramcEngine2SetPat,348,376,28,vPhyByteIO32WriteMsk;DramcSetRWOFOEN;vPhyByteIO32WriteMsk;vPhyByteIO32WriteMsk;vPhyByteIO32WriteMsk;vPhyByteIO32WriteMsk;vPhyByteIO32WriteMsk;vPhyByteIO32WriteMsk;vPhyByteIO32WriteMsk;vPhyByteIO32WriteMsk;vPhyByteIO32WriteMsk;vPhyByteIO32WriteMsk;vPhyByteIO32WriteMsk;vIO32WriteMsk;vPhyByteIO32WriteMsk;vPhyByteIO32WriteMsk;vPhyByteIO32WriteMsk,DramcSetRWOFOEN;vPhyByteIO32WriteMsk;vPhyByteIO32WriteMsk;vIO32WriteMsk;vPhyByteIO32WriteMsk;vPhyByteIO32WriteMsk;vPhyByteIO32WriteMsk,False
an7581,DramcModeRegRead,100,96,-4,vIO32WriteMsk;vIO32WriteMsk;u4Dram_Register_Read;u4Dram_Register_Read;vIO32WriteMsk;udelay,vIO32WriteMsk;vIO32WriteMsk;u4Dram_Register_Read;udelay;u4Dram_Register_Read;vIO32WriteMsk,False
an7581,DramcModeRegReadByRank,88,88,0,u4Dram_Register_Read;vIO32WriteMsk;DramcModeRegRead;vIO32WriteMsk,u4Dram_Register_Read;vIO32WriteMsk;DramcModeRegRead;vIO32WriteMsk,True
an7581,DramcModeRegWriteByRank,40,40,0,printf;DramcModeRegWriteByRank_RTSWCMD_MRW,printf;DramcModeRegWriteByRank_RTSWCMD_MRW,True
an7581,DramcModeRegWriteByRank_RTSWCMD_MRW,50,56,6,memset;DramcTriggerRTSWCMD,memset;DramcTriggerRTSWCMD,True
an7581,DramcRestoreMixedRG,100,108,8,DramcRestoreMixedRG_Single;__meta_backup_and_set;DramcRestoreMixedRG_Single;__meta_advance;__meta_get;__meta_restore,__meta_backup_and_set;DramcRestoreMixedRG_Single;__meta_advance;__meta_get;__meta_restore;DramcRestoreMixedRG_Single,False
an7581,DramcRestoreMixedRG_Single,124,112,-12,vIO32WriteMsk;vPhyByteWriteFldAlign,vPhyByteWriteFldAlign;mixed_mask;vIO32WriteMsk,False
an7581,DramcRestoreRegisters,100,108,8,DramcRestoreRegisters_Single;__meta_backup_and_set;DramcRestoreRegisters_Single;__meta_advance;__meta_get;__meta_restore,__meta_backup_and_set;DramcRestoreRegisters_Single;__meta_advance;__meta_get;__meta_restore;DramcRestoreRegisters_Single,False
an7581,DramcRestoreRegisters_Single,76,76,0,u1NeedSkipDPMRG;vPhyByteWriteFldAlign,u1NeedSkipDPMRG;vPhyByteWriteFldAlign,True
an7581,DramcSetRWOFOEN,56,56,0,u4Dram_Register_Read;udelay;vIO32WriteMsk,u4Dram_Register_Read;udelay;vIO32WriteMsk,True
an7581,DramcSetRankEngine2,54,64,10,vIO32WriteMsk;vIO32WriteMsk;vIO32WriteMsk,,False
an7581,DramcTriggerRTSWCMD,372,408,36,vPhyByteIO32WriteMsk;vIO32WriteMsk;vIO32WriteMsk;vPhyByteIO32WriteMsk;vIO32WriteMsk;vIO32WriteMsk;vIO32WriteMsk;vIO32WriteMsk;u4Dram_Register_Read;udelay;vIO32WriteMsk;vIO32WriteMsk;vIO32WriteMsk;u4Dram_Register_Read;vPhyByteReadFldAlign;u4Dram_Register_Read;u4Dram_Register_Read,vPhyByteIO32WriteMsk;vIO32WriteMsk;vIO32WriteMsk;vPhyByteIO32WriteMsk;vIO32WriteMsk;vIO32WriteMsk;u4Dram_Register_Read;udelay;u4Dram_Register_Read;vPhyByteReadFldAlign;u4Dram_Register_Read;u4Dram_Register_Read;vIO32WriteMsk,False
an7581,GetDataRateByFreq,178,178,0,,,True
an7581,GetDramcBroadcast,16,16,0,,,True
an7581,GetEyeScanEnable,4,4,0,,,True
an7581,GetFreqBySel,20,24,4,,,True
an7581,GetSelByFreq,206,184,-22,,,True
an7581,Get_Duty_Calibration_Mode,8,8,0,,,True
an7581,Get_Vref_Calibration_OnOff,8,8,0,,,True
an7581,SetClkFreeRun,90,116,26,vPhyByteIO32WriteMsk;vPhyByteIO32WriteMsk;vPhyByteIO32WriteMsk;vPhyByteIO32WriteMsk;vPhyByteIO32WriteMsk,,False
an7581,TA2_Show_Cnt,80,64,-16,,,True
an7581,TA2_Test_Run_Time_HW,46,46,0,TA2_Test_Run_Time_HW_Presetting;TA2_Test_Run_Time_Pat_Setting;TA2_Test_Run_Time_HW_Write;TA2_Test_Run_Time_HW_Status,TA2_Test_Run_Time_HW_Presetting;TA2_Test_Run_Time_Pat_Setting;TA2_Test_Run_Time_HW_Write;TA2_Test_Run_Time_HW_Status,True
an7581,TA2_Test_Run_Time_HW_Presetting,192,208,16,u4Dram_Register_Read;vIO32WriteMsk;vIO32WriteMsk;DramcSetRWOFOEN;vIO32WriteMsk,u4Dram_Register_Read;vIO32WriteMsk;vIO32WriteMsk;vIO32WriteMsk;DramcSetRWOFOEN,False
an7581,TA2_Test_Run_Time_HW_Read,44,50,6,vIO32WriteMsk,vIO32WriteMsk,True
an7581,TA2_Test_Run_Time_HW_Status,180,172,-8,u4Dram_Register_Read;u4Dram_Register_Read;vIO32WriteMsk;DramcEngine2CheckComplete;vPhyByteReadFldAlign;TA2_Show_Cnt;vPhyByteReadFldAlign;vPhyByteIO32WriteMsk;DramcEngine2Compare,u4Dram_Register_Read;DramcEngine2Compare;u4Dram_Register_Read;vIO32WriteMsk;DramcEngine2CheckComplete;vPhyByteReadFldAlign;TA2_Show_Cnt;vPhyByteReadFldAlign;vPhyByteIO32WriteMsk,False
an7581,TA2_Test_Run_Time_HW_Write,44,50,6,vIO32WriteMsk,vIO32WriteMsk,True
an7581,TA2_Test_Run_Time_Pat_Setting,152,160,8,vIO32WriteMsk_All;vIO32WriteMsk_All;vIO32WriteMsk_All;vIO32WriteMsk_All;DramcEngine2SetPat,DramcEngine2SetPat,False
an7581,TA2_Test_Run_Time_SW_Presetting,128,140,12,DramcSetRankEngine2;vPhyByteReadFldAlign;vPhyByteIO32WriteMsk;vPhyByteIO32WriteMsk;vPhyByteIO32WriteMsk;vIO32WriteMsk;vIO32WriteMsk,DramcSetRankEngine2;vPhyByteReadFldAlign;vIO32WriteMsk;vIO32WriteMsk,False
an7581,TestEngineCompare,120,144,24,DramcEngine2Init;DramcEngine2Run;DramcEngine2Init;DramcEngine2Run;DramcEngine2End;DramcEngine2Init;DramcEngine2Run;DramcEngine2End;DramcEngine2Init,DramcEngine2Init;DramcEngine2Init;DramcEngine2Run;DramcEngine2End;DramcEngine2Init;DramcEngine2Run;DramcEngine2Init;DramcEngine2Run;DramcEngine2End,False
an7581,is_ddr3_family,10,12,2,,,True
an7581,is_ddr4_family,10,12,2,,,True
an7581,setFreqGroup,120,138,18,,,True
an7581,u1GetRank,4,4,0,,,True
an7581,u1NeedSkipDPMRG,42,46,4,,,True
an7581,u2DFSGetHighestFreq,80,76,-4,,GetFreqBySel,False
an7581,vAutoRefreshSwitch,68,68,0,vIO32WriteMsk;vIO32WriteMsk;u4Dram_Register_Read;udelay,vIO32WriteMsk;vIO32WriteMsk;u4Dram_Register_Read;udelay,True
an7581,vCKERankCtrl,112,112,0,vIO32WriteMsk_All;vPhyByteIO32WriteMsk_All;vPhyByteIO32WriteMsk_All;vIO32WriteMsk_All,vIO32WriteMsk_All;vPhyByteIO32WriteMsk_All;vPhyByteIO32WriteMsk_All;vIO32WriteMsk_All,True
an7581,vGetPHY2ChannelMapping,4,4,0,,,True
an7581,vGet_Current_ShuLevel,8,8,0,,,True
an7581,vGet_DDR_Loop_Mode,8,8,0,,,True
an7581,vGet_Div_Mode,8,8,0,,,True
an7581,vGet_Dram_CBT_Mode,28,26,-2,,,True
an7581,vPrintCalibrationBasicInfo,2,2,0,,,True
an7581,vSetPHY2ChannelMapping,4,4,0,,,True
an7581,vSetRank,4,4,0,,,True
an7581,vSetRankNumber,6,6,0,,,True
an7583,CKEFixOnOff,84,60,-24,vPhyByteIO32WriteMsk_All;vPhyByteIO32WriteMsk,vPhyByteIO32WriteMsk_All;vPhyByteIO32WriteMsk,True
an7583,CKE_FIX_OFF,28,32,4,vPhyByteIO32WriteMsk,vPhyByteIO32WriteMsk,True
an7583,CKE_FIX_ON,28,32,4,vPhyByteIO32WriteMsk,vPhyByteIO32WriteMsk,True
an7583,DDRPhyFMeter,12,12,0,,,True
an7583,DDRPhyFreqSel,40,38,-2,setFreqGroup,GetFreqBySel;setFreqGroup,False
an7583,DDRPhyGetRealFreq,44,40,-4,FreqByMPLLRG,FreqByMPLLRG,True
an7583,DramcBackupMixedRG,72,80,8,DramcBackupMixedRG_Single;__meta_backup_and_set;DramcBackupMixedRG_Single;__meta_advance;__meta_get;__meta_restore,__meta_backup_and_set;DramcBackupMixedRG_Single;__meta_advance;__meta_get;__meta_restore;DramcBackupMixedRG_Single,False
an7583,DramcBackupMixedRG_Single,124,116,-8,u4Dram_Register_Read;vPhyByteReadFldAlign,vPhyByteReadFldAlign;mixed_mask;u4Dram_Register_Read,False
an7583,DramcBackupRegisters,72,80,8,DramcBackupRegisters_Single;__meta_backup_and_set;DramcBackupRegisters_Single;__meta_advance;__meta_get;__meta_restore,__meta_backup_and_set;DramcBackupRegisters_Single;__meta_advance;__meta_get;__meta_restore;DramcBackupRegisters_Single,False
an7583,DramcBackupRegisters_Single,72,68,-4,u1NeedSkipDPMRG;vPhyByteReadFldAlign,u1NeedSkipDPMRG;vPhyByteReadFldAlign,True
an7583,DramcBroadcastOnOff,32,28,-4,,,True
an7583,DramcEngine2CheckComplete,160,148,-12,u4Dram_Register_Read;vPhyByteReadFldAlign;u4Dram_Register_Read;vPhyByteReadFldAlign;u4Dram_Register_Read;udelay;printf,u4Dram_Register_Read;vPhyByteReadFldAlign;u4Dram_Register_Read;vPhyByteReadFldAlign;u4Dram_Register_Read;udelay;printf,True
an7583,DramcEngine2Compare,144,152,8,u4Dram_Register_Read;u4Dram_Register_Read;u4Dram_Register_Read;DramcEngine2CheckComplete;vPhyByteIO32WriteMsk;udelay;vPhyByteIO32WriteMsk;DramcEngine2CheckComplete;vPhyByteReadFldAlign,DramcEngine2CheckComplete;vPhyByteIO32WriteMsk;udelay;vPhyByteIO32WriteMsk;DramcEngine2CheckComplete;vPhyByteReadFldAlign,False
an7583,DramcEngine2End,88,96,8,vPhyByteIO32WriteMsk;vPhyByteIO32WriteMsk;vPhyByteIO32WriteMsk;DramcSetRWOFOEN;vPhyByteWriteFldAlign,DramcSetRWOFOEN;vPhyByteWriteFldAlign,False
an7583,DramcEngine2Init,192,200,8,DramcSetRankEngine2;vPhyByteReadFldAlign;vPhyByteIO32WriteMsk;vPhyByteIO32WriteMsk;vPhyByteIO32WriteMsk;vIO32WriteMsk;vIO32WriteMsk;DramcEngine2SetPat,DramcSetRankEngine2;vPhyByteReadFldAlign;vIO32WriteMsk;vIO32WriteMsk;DramcEngine2SetPat,False
an7583,DramcEngine2Run,116,108,-8,vIO32WriteMsk;vPhyByteIO32WriteMsk;DramcEngine2Compare;udelay;vPhyByteReadFldAlign;vPhyByteIO32WriteMsk,vIO32WriteMsk;vPhyByteIO32WriteMsk;DramcEngine2Compare;udelay;vPhyByteReadFldAlign;vPhyByteIO32WriteMsk,True
an7583,DramcEngine2SetPat,348,376,28,vPhyByteIO32WriteMsk;DramcSetRWOFOEN;vPhyByteIO32WriteMsk;vPhyByteIO32WriteMsk;vPhyByteIO32WriteMsk;vPhyByteIO32WriteMsk;vPhyByteIO32WriteMsk;vPhyByteIO32WriteMsk;vPhyByteIO32WriteMsk;vPhyByteIO32WriteMsk;vPhyByteIO32WriteMsk;vPhyByteIO32WriteMsk;vPhyByteIO32WriteMsk;vIO32WriteMsk;vPhyByteIO32WriteMsk;vPhyByteIO32WriteMsk;vPhyByteIO32WriteMsk,DramcSetRWOFOEN;vPhyByteIO32WriteMsk;vPhyByteIO32WriteMsk;vIO32WriteMsk;vPhyByteIO32WriteMsk;vPhyByteIO32WriteMsk;vPhyByteIO32WriteMsk,False
an7583,DramcModeRegRead,100,96,-4,vIO32WriteMsk;vIO32WriteMsk;u4Dram_Register_Read;u4Dram_Register_Read;vIO32WriteMsk;udelay,vIO32WriteMsk;vIO32WriteMsk;u4Dram_Register_Read;udelay;u4Dram_Register_Read;vIO32WriteMsk,False
an7583,DramcModeRegReadByRank,88,88,0,u4Dram_Register_Read;vIO32WriteMsk;DramcModeRegRead;vIO32WriteMsk,u4Dram_Register_Read;vIO32WriteMsk;DramcModeRegRead;vIO32WriteMsk,True
an7583,DramcModeRegWriteByRank,48,40,-8,printf;DramcModeRegWriteByRank_RTSWCMD_MRW,printf;DramcModeRegWriteByRank_RTSWCMD_MRW,True
an7583,DramcModeRegWriteByRank_RTSWCMD_MRW,50,56,6,memset;DramcTriggerRTSWCMD,memset;DramcTriggerRTSWCMD,True
an7583,DramcRestoreMixedRG,80,92,12,DramcRestoreMixedRG_Single;__meta_backup_and_set;DramcRestoreMixedRG_Single;__meta_advance;__meta_get;__meta_restore,__meta_backup_and_set;DramcRestoreMixedRG_Single;__meta_advance;__meta_get;__meta_restore;DramcRestoreMixedRG_Single,False
an7583,DramcRestoreMixedRG_Single,132,128,-4,vIO32WriteMsk;vPhyByteWriteFldAlign,vPhyByteWriteFldAlign;mixed_mask;vIO32WriteMsk,False
an7583,DramcRestoreRegisters,80,92,12,DramcRestoreRegisters_Single;__meta_backup_and_set;DramcRestoreRegisters_Single;__meta_advance;__meta_get;__meta_restore,__meta_backup_and_set;DramcRestoreRegisters_Single;__meta_advance;__meta_get;__meta_restore;DramcRestoreRegisters_Single,False
an7583,DramcRestoreRegisters_Single,76,76,0,u1NeedSkipDPMRG;vPhyByteWriteFldAlign,u1NeedSkipDPMRG;vPhyByteWriteFldAlign,True
an7583,DramcSetRWOFOEN,76,80,4,u4Dram_Register_Read;udelay;printf;vIO32WriteMsk,u4Dram_Register_Read;udelay;printf;vIO32WriteMsk,True
an7583,DramcSetRankEngine2,54,64,10,vIO32WriteMsk;vIO32WriteMsk;vIO32WriteMsk,,False
an7583,DramcTriggerRTSWCMD,396,448,52,vPhyByteIO32WriteMsk;vIO32WriteMsk;vIO32WriteMsk;vPhyByteIO32WriteMsk;vIO32WriteMsk;vIO32WriteMsk;vIO32WriteMsk;vIO32WriteMsk;u4Dram_Register_Read;udelay;printf;vIO32WriteMsk;vIO32WriteMsk;vIO32WriteMsk;u4Dram_Register_Read;vPhyByteReadFldAlign;u4Dram_Register_Read;u4Dram_Register_Read,vPhyByteIO32WriteMsk;vIO32WriteMsk;vIO32WriteMsk;vPhyByteIO32WriteMsk;vIO32WriteMsk;vIO32WriteMsk;u4Dram_Register_Read;udelay;u4Dram_Register_Read;printf;vPhyByteReadFldAlign;u4Dram_Register_Read;u4Dram_Register_Read;vIO32WriteMsk,False
an7583,GetDataRateByFreq,178,178,0,,,True
an7583,GetDramcBroadcast,16,16,0,,,True
an7583,GetEyeScanEnable,4,4,0,,,True
an7583,GetFreqBySel,20,24,4,,,True
an7583,GetSelByFreq,206,184,-22,,,True
an7583,Get_Duty_Calibration_Mode,8,8,0,,,True
an7583,Get_Vref_Calibration_OnOff,8,8,0,,,True
an7583,SetClkFreeRun,90,116,26,vPhyByteIO32WriteMsk;vPhyByteIO32WriteMsk;vPhyByteIO32WriteMsk;vPhyByteIO32WriteMsk;vPhyByteIO32WriteMsk,,False
an7583,TA2_Show_Cnt,80,64,-16,,,True
an7583,TA2_Test_Run_Time_HW,272,324,52,TA2_Test_Run_Time_HW_Presetting;TA2_Test_Run_Time_Pat_Setting;TA2_Test_Run_Time_HW_Write;TA2_Test_Run_Time_HW_Status;TA2_Test_Run_Time_HW_Presetting;TA2_Test_Run_Time_HW_Write;TA2_Test_Run_Time_HW_Status;TA2_Test_Run_Time_HW_Presetting;TA2_Test_Run_Time_HW_Write;TA2_Test_Run_Time_HW_Status;TA2_Test_Run_Time_HW_Presetting;TA2_Test_Run_Time_HW_Write;TA2_Test_Run_Time_HW_Status;printf;printf;printf;TA2_Test_Run_Time_HW_Presetting;TA2_Test_Run_Time_HW_Status;printf;printf;printf;DramcEngine2Init;DramcEngine2Run;printf;printf;printf;DramcEngine2End,TA2_Test_Run_Time_Pat_Setting;TA2_Test_Run_Time_HW_Presetting;TA2_Test_Run_Time_HW_Status;DramcEngine2Init;DramcEngine2Run;DramcEngine2End,False
an7583,TA2_Test_Run_Time_HW_Presetting,216,220,4,vPhyByteIO32WriteMsk;u4Dram_Register_Read;vIO32WriteMsk;vIO32WriteMsk;DramcSetRWOFOEN;vIO32WriteMsk,vPhyByteIO32WriteMsk;u4Dram_Register_Read;vIO32WriteMsk;vIO32WriteMsk;vIO32WriteMsk;DramcSetRWOFOEN,False
an7583,TA2_Test_Run_Time_HW_Read,44,50,6,vIO32WriteMsk,vIO32WriteMsk,True
an7583,TA2_Test_Run_Time_HW_Status,176,176,0,u4Dram_Register_Read;u4Dram_Register_Read;vIO32WriteMsk;DramcEngine2CheckComplete;vPhyByteReadFldAlign;vPhyByteReadFldAlign;vPhyByteIO32WriteMsk;DramcEngine2Compare,u4Dram_Register_Read;DramcEngine2Compare;u4Dram_Register_Read;vIO32WriteMsk;DramcEngine2CheckComplete;vPhyByteReadFldAlign;vPhyByteReadFldAlign;vPhyByteIO32WriteMsk,False
an7583,TA2_Test_Run_Time_HW_Write,44,50,6,vIO32WriteMsk,vIO32WriteMsk,True
an7583,TA2_Test_Run_Time_Pat_Setting,152,160,8,vIO32WriteMsk_All;vIO32WriteMsk_All;vIO32WriteMsk_All;vIO32WriteMsk_All;DramcEngine2SetPat,DramcEngine2SetPat,False
an7583,TA2_Test_Run_Time_SW_Presetting,132,144,12,DramcSetRankEngine2;vPhyByteReadFldAlign;vPhyByteIO32WriteMsk;vPhyByteIO32WriteMsk;vPhyByteIO32WriteMsk;vIO32WriteMsk;vIO32WriteMsk,DramcSetRankEngine2;vPhyByteReadFldAlign;vIO32WriteMsk;vIO32WriteMsk,False
an7583,TestEngineCompare,120,144,24,DramcEngine2Init;DramcEngine2Run;DramcEngine2Init;DramcEngine2Run;DramcEngine2End;DramcEngine2Init;DramcEngine2Run;DramcEngine2End;DramcEngine2Init,DramcEngine2Init;DramcEngine2Init;DramcEngine2Run;DramcEngine2End;DramcEngine2Init;DramcEngine2Run;DramcEngine2Init;DramcEngine2Run;DramcEngine2End,False
an7583,is_ddr3_family,10,12,2,,,True
an7583,is_ddr4_family,10,12,2,,,True
an7583,setFreqGroup,120,138,18,,,True
an7583,u1GetRank,4,4,0,,,True
an7583,u1NeedSkipDPMRG,42,46,4,,,True
an7583,u2DFSGetHighestFreq,80,76,-4,,GetFreqBySel,False
an7583,vAutoRefreshSwitch,68,68,0,vIO32WriteMsk;vIO32WriteMsk;u4Dram_Register_Read;udelay,vIO32WriteMsk;vIO32WriteMsk;u4Dram_Register_Read;udelay,True
an7583,vCKERankCtrl,112,112,0,vIO32WriteMsk_All;vPhyByteIO32WriteMsk_All;vPhyByteIO32WriteMsk_All;vIO32WriteMsk_All,vIO32WriteMsk_All;vPhyByteIO32WriteMsk_All;vPhyByteIO32WriteMsk_All;vIO32WriteMsk_All,True
an7583,vGetPHY2ChannelMapping,4,4,0,,,True
an7583,vGet_Current_ShuLevel,8,8,0,,,True
an7583,vGet_DDR_Loop_Mode,8,8,0,,,True
an7583,vGet_Div_Mode,8,8,0,,,True
an7583,vGet_Dram_CBT_Mode,28,26,-2,,,True
an7583,vPrintCalibrationBasicInfo,2,2,0,,,True
an7583,vSetPHY2ChannelMapping,4,4,0,,,True
an7583,vSetRank,4,4,0,,,True
an7583,vSetRankNumber,6,6,0,,,True
